Frame,Total_Veh,Turismos,Motos,Buses,Camiones,Densidad_k,LOS,Riesgos
0,4,4,0,0,0,152.27903186360794,F (Colapso),
1,3,3,0,0,0,114.20927389770596,F (Colapso),
2,2,2,0,0,0,76.13951593180397,E (Capacidad),
3,3,3,0,0,0,114.20927389770596,F (Colapso),
4,3,3,0,0,0,114.20927389770596,F (Colapso),
5,3,3,0,0,0,114.20927389770596,F (Colapso),
6,5,5,0,0,0,190.3487898295099,F (Colapso),
7,5,5,0,0,0,190.3487898295099,F (Colapso),
8,5,5,0,0,0,190.3487898295099,F (Colapso),
9,4,4,0,0,0,152.27903186360794,F (Colapso),
10,3,3,0,0,0,114.20927389770596,F (Colapso),
11,4,4,0,0,0,152.27903186360794,F (Colapso),
12,5,5,0,0,0,190.3487898295099,F (Colapso),
13,4,4,0,0,0,152.27903186360794,F (Colapso),
14,5,4,0,0,1,190.3487898295099,F (Colapso),
15,5,4,0,0,1,190.3487898295099,F (Colapso),
16,5,4,0,0,1,190.3487898295099,F (Colapso),
17,3,2,0,0,1,114.20927389770596,F (Colapso),
18,4,3,0,0,1,152.27903186360794,F (Colapso),
19,4,3,0,0,1,152.27903186360794,F (Colapso),
20,3,2,0,0,1,114.20927389770596,F (Colapso),
21,3,2,0,0,1,114.20927389770596,F (Colapso),
22,4,3,0,0,1,152.27903186360794,F (Colapso),
23,4,3,0,0,1,152.27903186360794,F (Colapso),
24,4,3,0,0,1,152.27903186360794,F (Colapso),
25,2,2,0,0,0,76.13951593180397,E (Capacidad),
26,2,2,0,0,0,76.13951593180397,E (Capacidad),
27,2,2,0,0,0,76.13951593180397,E (Capacidad),
28,4,2,0,0,2,152.27903186360794,F (Colapso),
29,3,2,0,0,1,114.20927389770596,F (Colapso),
30,2,2,0,0,0,76.13951593180397,E (Capacidad),
31,2,2,0,0,0,76.13951593180397,E (Capacidad),
32,2,2,0,0,0,76.13951593180397,E (Capacidad),
33,2,2,0,0,0,76.13951593180397,E (Capacidad),
34,2,2,0,0,0,76.13951593180397,E (Capacidad),
35,2,2,0,0,0,76.13951593180397,E (Capacidad),
36,2,2,0,0,0,76.13951593180397,E (Capacidad),
37,3,3,0,0,0,114.20927389770596,F (Colapso),
38,4,4,0,0,0,152.27903186360794,F (Colapso),
39,4,4,0,0,0,152.27903186360794,F (Colapso),
40,4,4,0,0,0,152.27903186360794,F (Colapso),
41,4,4,0,0,0,152.27903186360794,F (Colapso),
42,4,4,0,0,0,152.27903186360794,F (Colapso),⚠️ STOP ID:2
43,3,3,0,0,0,114.20927389770596,F (Colapso),
44,5,4,0,0,1,190.3487898295099,F (Colapso),
45,3,2,0,0,1,114.20927389770596,F (Colapso),
46,3,2,0,0,1,114.20927389770596,F (Colapso),
47,2,2,0,0,0,76.13951593180397,E (Capacidad),
48,4,3,0,0,1,152.27903186360794,F (Colapso),
49,4,3,0,0,1,152.27903186360794,F (Colapso),
50,5,4,0,0,1,190.3487898295099,F (Colapso),
51,4,3,0,0,1,152.27903186360794,F (Colapso),
52,3,3,0,0,0,114.20927389770596,F (Colapso),
53,4,3,0,0,1,152.27903186360794,F (Colapso),
54,4,4,0,0,0,152.27903186360794,F (Colapso),
55,4,4,0,0,0,152.27903186360794,F (Colapso),
56,3,3,0,0,0,114.20927389770596,F (Colapso),
57,4,4,0,0,0,152.27903186360794,F (Colapso),"⚠️ STOP ID:49, ⚠️ STOP ID:2"
58,5,5,0,0,0,190.3487898295099,F (Colapso),"⚠️ STOP ID:49, ⚠️ STOP ID:2"
59,5,4,0,0,1,190.3487898295099,F (Colapso),⚠️ STOP ID:2
60,7,5,0,0,2,266.4883057613139,F (Colapso),
61,7,5,0,0,2,266.4883057613139,F (Colapso),
62,6,4,0,0,2,228.4185477954119,F (Colapso),
63,7,5,0,0,2,266.4883057613139,F (Colapso),
64,7,5,0,0,2,266.4883057613139,F (Colapso),
65,8,7,0,0,1,304.5580637272159,F (Colapso),
66,7,5,0,0,2,266.4883057613139,F (Colapso),
67,6,5,0,0,1,228.4185477954119,F (Colapso),
68,5,3,0,0,2,190.3487898295099,F (Colapso),
69,6,5,0,0,1,228.4185477954119,F (Colapso),
70,3,3,0,0,0,114.20927389770596,F (Colapso),
71,7,6,0,0,1,266.4883057613139,F (Colapso),
72,5,4,0,0,1,190.3487898295099,F (Colapso),
73,6,4,0,0,2,228.4185477954119,F (Colapso),
74,5,4,0,0,1,190.3487898295099,F (Colapso),
75,5,4,0,0,1,190.3487898295099,F (Colapso),⚠️ STOP ID:49
76,4,3,0,0,1,152.27903186360794,F (Colapso),⚠️ STOP ID:49
77,3,3,0,0,0,114.20927389770596,F (Colapso),⚠️ STOP ID:49
78,2,2,0,0,0,76.13951593180397,E (Capacidad),
79,2,2,0,0,0,76.13951593180397,E (Capacidad),⚠️ STOP ID:2
80,4,4,0,0,0,152.27903186360794,F (Colapso),"⚠️ STOP ID:49, ⚠️ STOP ID:2"
81,4,4,0,0,0,152.27903186360794,F (Colapso),"⚠️ STOP ID:49, ⚠️ STOP ID:2"
82,4,4,0,0,0,152.27903186360794,F (Colapso),"⚠️ STOP ID:49, ⚠️ STOP ID:2"
83,2,2,0,0,0,76.13951593180397,E (Capacidad),⚠️ STOP ID:2
84,4,4,0,0,0,152.27903186360794,F (Colapso),"⚠️ STOP ID:49, ⚠️ STOP ID:2"
85,2,2,0,0,0,76.13951593180397,E (Capacidad),"⚠️ STOP ID:49, ⚠️ STOP ID:2"
86,3,3,0,0,0,114.20927389770596,F (Colapso),"⚠️ STOP ID:49, ⚠️ STOP ID:2"
87,3,3,0,0,0,114.20927389770596,F (Colapso),"⚠️ STOP ID:49, ⚠️ STOP ID:2"
88,2,2,0,0,0,76.13951593180397,E (Capacidad),"⚠️ STOP ID:49, ⚠️ STOP ID:2"
89,3,3,0,0,0,114.20927389770596,F (Colapso),"⚠️ STOP ID:49, ⚠️ STOP ID:2"
90,2,2,0,0,0,76.13951593180397,E (Capacidad),⚠️ STOP ID:49
91,2,2,0,0,0,76.13951593180397,E (Capacidad),⚠️ STOP ID:49
92,2,2,0,0,0,76.13951593180397,E (Capacidad),⚠️ STOP ID:49
93,2,2,0,0,0,76.13951593180397,E (Capacidad),
94,2,2,0,0,0,76.13951593180397,E (Capacidad),
95,1,1,0,0,0,38.069757965901985,D (Inestable),
96,2,2,0,0,0,76.13951593180397,E (Capacidad),⚠️ STOP ID:49
97,2,2,0,0,0,76.13951593180397,E (Capacidad),⚠️ STOP ID:49
98,2,2,0,0,0,76.13951593180397,E (Capacidad),⚠️ STOP ID:49
99,1,1,0,0,0,38.069757965901985,D (Inestable),⚠️ STOP ID:49
100,1,1,0,0,0,38.069757965901985,D (Inestable),⚠️ STOP ID:49
101,2,2,0,0,0,76.13951593180397,E (Capacidad),⚠️ STOP ID:2
102,4,3,0,0,1,152.27903186360794,F (Colapso),
103,2,2,0,0,0,76.13951593180397,E (Capacidad),
104,3,3,0,0,0,114.20927389770596,F (Colapso),⚠️ STOP ID:83
105,2,2,0,0,0,76.13951593180397,E (Capacidad),⚠️ STOP ID:83
106,4,4,0,0,0,152.27903186360794,F (Colapso),⚠️ STOP ID:83
107,2,2,0,0,0,76.13951593180397,E (Capacidad),⚠️ STOP ID:83
108,2,2,0,0,0,76.13951593180397,E (Capacidad),⚠️ STOP ID:83
109,2,2,0,0,0,76.13951593180397,E (Capacidad),"⚠️ STOP ID:49, ⚠️ STOP ID:83"
110,2,2,0,0,0,76.13951593180397,E (Capacidad),⚠️ STOP ID:83
111,3,3,0,0,0,114.20927389770596,F (Colapso),⚠️ STOP ID:83
112,3,3,0,0,0,114.20927389770596,F (Colapso),"⚠️ STOP ID:2, ⚠️ STOP ID:83"
113,3,3,0,0,0,114.20927389770596,F (Colapso),"⚠️ STOP ID:2, ⚠️ STOP ID:83"
114,4,3,0,0,1,152.27903186360794,F (Colapso),⚠️ STOP ID:2
115,3,3,0,0,0,114.20927389770596,F (Colapso),"⚠️ STOP ID:2, ⚠️ STOP ID:49"
116,3,2,0,0,1,114.20927389770596,F (Colapso),"⚠️ STOP ID:30, ⚠️ STOP ID:49"
117,3,2,0,0,1,114.20927389770596,F (Colapso),"⚠️ STOP ID:30, ⚠️ STOP ID:49"
118,3,3,0,0,0,114.20927389770596,F (Colapso),⚠️ STOP ID:49
119,3,3,0,0,0,114.20927389770596,F (Colapso),⚠️ STOP ID:49
120,3,3,0,0,0,114.20927389770596,F (Colapso),"⚠️ STOP ID:2, ⚠️ STOP ID:49"
121,3,3,0,0,0,114.20927389770596,F (Colapso),"⚠️ STOP ID:2, ⚠️ STOP ID:49, ⚠️ STOP ID:83"
122,3,3,0,0,0,114.20927389770596,F (Colapso),"⚠️ STOP ID:2, ⚠️ STOP ID:83"
123,2,2,0,0,0,76.13951593180397,E (Capacidad),"⚠️ STOP ID:2, ⚠️ STOP ID:83"
124,2,2,0,0,0,76.13951593180397,E (Capacidad),⚠️ STOP ID:83
125,2,2,0,0,0,76.13951593180397,E (Capacidad),⚠️ STOP ID:83
126,3,3,0,0,0,114.20927389770596,F (Colapso),"⚠️ STOP ID:49, ⚠️ STOP ID:83"
127,4,4,0,0,0,152.27903186360794,F (Colapso),"⚠️ STOP ID:49, ⚠️ STOP ID:83"
128,4,4,0,0,0,152.27903186360794,F (Colapso),"⚠️ STOP ID:49, ⚠️ STOP ID:83"
129,4,4,0,0,0,152.27903186360794,F (Colapso),"⚠️ STOP ID:49, ⚠️ STOP ID:83"
130,4,4,0,0,0,152.27903186360794,F (Colapso),⚠️ STOP ID:83
131,5,5,0,0,0,190.3487898295099,F (Colapso),
132,5,5,0,0,0,190.3487898295099,F (Colapso),
133,5,5,0,0,0,190.3487898295099,F (Colapso),
134,3,3,0,0,0,114.20927389770596,F (Colapso),⚠️ STOP ID:2
135,4,4,0,0,0,152.27903186360794,F (Colapso),
136,4,4,0,0,0,152.27903186360794,F (Colapso),
137,4,4,0,0,0,152.27903186360794,F (Colapso),
138,4,4,0,0,0,152.27903186360794,F (Colapso),
139,4,4,0,0,0,152.27903186360794,F (Colapso),
140,2,2,0,0,0,76.13951593180397,E (Capacidad),
141,3,3,0,0,0,114.20927389770596,F (Colapso),
142,4,4,0,0,0,152.27903186360794,F (Colapso),
143,4,4,0,0,0,152.27903186360794,F (Colapso),
144,5,4,0,0,1,190.3487898295099,F (Colapso),
145,5,4,0,0,1,190.3487898295099,F (Colapso),
146,5,4,0,0,1,190.3487898295099,F (Colapso),⚠️ STOP ID:2
147,3,3,0,0,0,114.20927389770596,F (Colapso),⚠️ STOP ID:2
148,3,2,0,0,1,114.20927389770596,F (Colapso),
149,5,4,0,0,1,190.3487898295099,F (Colapso),⚠️ STOP ID:83
150,4,4,0,0,0,152.27903186360794,F (Colapso),⚠️ STOP ID:83
151,3,3,0,0,0,114.20927389770596,F (Colapso),
152,3,3,0,0,0,114.20927389770596,F (Colapso),
153,2,2,0,0,0,76.13951593180397,E (Capacidad),⚠️ STOP ID:49
154,2,2,0,0,0,76.13951593180397,E (Capacidad),"⚠️ STOP ID:2, ⚠️ STOP ID:49"
155,3,3,0,0,0,114.20927389770596,F (Colapso),"⚠️ STOP ID:2, ⚠️ STOP ID:49"
156,2,2,0,0,0,76.13951593180397,E (Capacidad),"⚠️ STOP ID:2, ⚠️ STOP ID:49"
157,3,2,0,0,1,114.20927389770596,F (Colapso),"⚠️ STOP ID:2, ⚠️ STOP ID:30, ⚠️ STOP ID:49"
158,5,4,0,0,1,190.3487898295099,F (Colapso),⚠️ STOP ID:30
159,2,2,0,0,0,76.13951593180397,E (Capacidad),⚠️ STOP ID:2
160,3,3,0,0,0,114.20927389770596,F (Colapso),⚠️ STOP ID:49
161,3,3,0,0,0,114.20927389770596,F (Colapso),⚠️ STOP ID:112
162,5,4,0,0,1,190.3487898295099,F (Colapso),"⚠️ STOP ID:112, ⚠️ STOP ID:30"
163,5,4,0,0,1,190.3487898295099,F (Colapso),"⚠️ STOP ID:112, ⚠️ STOP ID:30"
164,4,4,0,0,0,152.27903186360794,F (Colapso),"⚠️ STOP ID:112, ⚠️ STOP ID:2"
165,4,4,0,0,0,152.27903186360794,F (Colapso),"⚠️ STOP ID:112, ⚠️ STOP ID:2"
166,3,3,0,0,0,114.20927389770596,F (Colapso),
167,5,5,0,0,0,190.3487898295099,F (Colapso),⚠️ STOP ID:112
168,5,4,0,0,1,190.3487898295099,F (Colapso),⚠️ STOP ID:30
169,4,4,0,0,0,152.27903186360794,F (Colapso),
170,5,4,0,0,1,190.3487898295099,F (Colapso),⚠️ STOP ID:30
171,5,4,0,0,1,190.3487898295099,F (Colapso),⚠️ STOP ID:30
172,4,4,0,0,0,152.27903186360794,F (Colapso),
173,5,4,0,0,1,190.3487898295099,F (Colapso),
174,4,4,0,0,0,152.27903186360794,F (Colapso),
175,2,2,0,0,0,76.13951593180397,E (Capacidad),
176,2,2,0,0,0,76.13951593180397,E (Capacidad),
177,1,1,0,0,0,38.069757965901985,D (Inestable),
178,1,1,0,0,0,38.069757965901985,D (Inestable),
179,1,1,0,0,0,38.069757965901985,D (Inestable),
180,0,0,0,0,0,0.0,A (Fluido),
181,0,0,0,0,0,0.0,A (Fluido),
182,0,0,0,0,0,0.0,A (Fluido),
183,3,3,0,0,0,114.20927389770596,F (Colapso),
184,2,2,0,0,0,76.13951593180397,E (Capacidad),
185,1,1,0,0,0,38.069757965901985,D (Inestable),
186,2,2,0,0,0,76.13951593180397,E (Capacidad),
187,2,2,0,0,0,76.13951593180397,E (Capacidad),
188,3,3,0,0,0,114.20927389770596,F (Colapso),
189,3,3,0,0,0,114.20927389770596,F (Colapso),
190,3,3,0,0,0,114.20927389770596,F (Colapso),
191,3,3,0,0,0,114.20927389770596,F (Colapso),
192,3,3,0,0,0,114.20927389770596,F (Colapso),
193,2,2,0,0,0,76.13951593180397,E (Capacidad),
194,2,2,0,0,0,76.13951593180397,E (Capacidad),
195,2,2,0,0,0,76.13951593180397,E (Capacidad),
196,2,2,0,0,0,76.13951593180397,E (Capacidad),
197,2,2,0,0,0,76.13951593180397,E (Capacidad),
198,2,2,0,0,0,76.13951593180397,E (Capacidad),
199,2,2,0,0,0,76.13951593180397,E (Capacidad),
200,1,1,0,0,0,38.069757965901985,D (Inestable),
201,2,2,0,0,0,76.13951593180397,E (Capacidad),
202,2,2,0,0,0,76.13951593180397,E (Capacidad),
203,2,2,0,0,0,76.13951593180397,E (Capacidad),
204,2,2,0,0,0,76.13951593180397,E (Capacidad),
205,2,2,0,0,0,76.13951593180397,E (Capacidad),
206,2,2,0,0,0,76.13951593180397,E (Capacidad),
207,2,2,0,0,0,76.13951593180397,E (Capacidad),
208,2,2,0,0,0,76.13951593180397,E (Capacidad),
209,2,2,0,0,0,76.13951593180397,E (Capacidad),
210,0,0,0,0,0,0.0,A (Fluido),
211,1,1,0,0,0,38.069757965901985,D (Inestable),
212,1,1,0,0,0,38.069757965901985,D (Inestable),
213,2,2,0,0,0,76.13951593180397,E (Capacidad),
214,2,2,0,0,0,76.13951593180397,E (Capacidad),
215,2,2,0,0,0,76.13951593180397,E (Capacidad),
216,2,2,0,0,0,76.13951593180397,E (Capacidad),
217,2,2,0,0,0,76.13951593180397,E (Capacidad),
218,2,2,0,0,0,76.13951593180397,E (Capacidad),
219,2,2,0,0,0,76.13951593180397,E (Capacidad),
220,2,2,0,0,0,76.13951593180397,E (Capacidad),
221,2,2,0,0,0,76.13951593180397,E (Capacidad),
222,2,2,0,0,0,76.13951593180397,E (Capacidad),
223,2,2,0,0,0,76.13951593180397,E (Capacidad),
224,2,2,0,0,0,76.13951593180397,E (Capacidad),
225,2,2,0,0,0,76.13951593180397,E (Capacidad),
226,2,2,0,0,0,76.13951593180397,E (Capacidad),
227,2,2,0,0,0,76.13951593180397,E (Capacidad),
228,2,2,0,0,0,76.13951593180397,E (Capacidad),
229,2,2,0,0,0,76.13951593180397,E (Capacidad),
230,2,2,0,0,0,76.13951593180397,E (Capacidad),
231,2,2,0,0,0,76.13951593180397,E (Capacidad),
232,2,2,0,0,0,76.13951593180397,E (Capacidad),
233,2,2,0,0,0,76.13951593180397,E (Capacidad),
234,3,3,0,0,0,114.20927389770596,F (Colapso),
235,3,3,0,0,0,114.20927389770596,F (Colapso),
236,3,3,0,0,0,114.20927389770596,F (Colapso),
237,2,2,0,0,0,76.13951593180397,E (Capacidad),
238,2,2,0,0,0,76.13951593180397,E (Capacidad),
239,2,2,0,0,0,76.13951593180397,E (Capacidad),
240,2,2,0,0,0,76.13951593180397,E (Capacidad),
241,2,2,0,0,0,76.13951593180397,E (Capacidad),
242,3,3,0,0,0,114.20927389770596,F (Colapso),
243,2,2,0,0,0,76.13951593180397,E (Capacidad),
244,2,2,0,0,0,76.13951593180397,E (Capacidad),
245,3,3,0,0,0,114.20927389770596,F (Colapso),
246,2,2,0,0,0,76.13951593180397,E (Capacidad),
247,3,3,0,0,0,114.20927389770596,F (Colapso),
248,3,3,0,0,0,114.20927389770596,F (Colapso),
249,3,3,0,0,0,114.20927389770596,F (Colapso),
250,3,3,0,0,0,114.20927389770596,F (Colapso),
251,3,3,0,0,0,114.20927389770596,F (Colapso),
252,2,2,0,0,0,76.13951593180397,E (Capacidad),
253,2,2,0,0,0,76.13951593180397,E (Capacidad),
254,2,2,0,0,0,76.13951593180397,E (Capacidad),
255,2,2,0,0,0,76.13951593180397,E (Capacidad),
256,2,2,0,0,0,76.13951593180397,E (Capacidad),
257,2,2,0,0,0,76.13951593180397,E (Capacidad),
258,2,2,0,0,0,76.13951593180397,E (Capacidad),
259,2,2,0,0,0,76.13951593180397,E (Capacidad),
260,4,4,0,0,0,152.27903186360794,F (Colapso),
261,2,2,0,0,0,76.13951593180397,E (Capacidad),
262,2,2,0,0,0,76.13951593180397,E (Capacidad),
263,2,2,0,0,0,76.13951593180397,E (Capacidad),
264,3,3,0,0,0,114.20927389770596,F (Colapso),⚠️ STOP ID:319
265,3,3,0,0,0,114.20927389770596,F (Colapso),"⚠️ STOP ID:319, ⚠️ STOP ID:313"
266,3,3,0,0,0,114.20927389770596,F (Colapso),"⚠️ STOP ID:319, ⚠️ STOP ID:313"
267,3,3,0,0,0,114.20927389770596,F (Colapso),⚠️ STOP ID:313
268,3,3,0,0,0,114.20927389770596,F (Colapso),"⚠️ STOP ID:319, ⚠️ STOP ID:313"
269,4,4,0,0,0,152.27903186360794,F (Colapso),"⚠️ STOP ID:319, ⚠️ STOP ID:313"
270,3,3,0,0,0,114.20927389770596,F (Colapso),"⚠️ STOP ID:319, ⚠️ STOP ID:313"
271,4,4,0,0,0,152.27903186360794,F (Colapso),"⚠️ STOP ID:319, ⚠️ STOP ID:313"
272,4,4,0,0,0,152.27903186360794,F (Colapso),"⚠️ STOP ID:319, ⚠️ STOP ID:313"
273,3,3,0,0,0,114.20927389770596,F (Colapso),"⚠️ STOP ID:319, ⚠️ STOP ID:313"
274,2,2,0,0,0,76.13951593180397,E (Capacidad),"⚠️ STOP ID:319, ⚠️ STOP ID:313"
275,2,2,0,0,0,76.13951593180397,E (Capacidad),"⚠️ STOP ID:319, ⚠️ STOP ID:313"
276,3,3,0,0,0,114.20927389770596,F (Colapso),"⚠️ STOP ID:319, ⚠️ STOP ID:313"
277,3,3,0,0,0,114.20927389770596,F (Colapso),"⚠️ STOP ID:319, ⚠️ STOP ID:313"
278,3,3,0,0,0,114.20927389770596,F (Colapso),"⚠️ STOP ID:319, ⚠️ STOP ID:313"
279,3,3,0,0,0,114.20927389770596,F (Colapso),"⚠️ STOP ID:319, ⚠️ STOP ID:313"
280,3,3,0,0,0,114.20927389770596,F (Colapso),"⚠️ STOP ID:319, ⚠️ STOP ID:313"
281,2,2,0,0,0,76.13951593180397,E (Capacidad),"⚠️ STOP ID:319, ⚠️ STOP ID:313"
282,3,3,0,0,0,114.20927389770596,F (Colapso),"⚠️ STOP ID:319, ⚠️ STOP ID:313"
283,3,3,0,0,0,114.20927389770596,F (Colapso),"⚠️ STOP ID:319, ⚠️ STOP ID:313"
284,3,3,0,0,0,114.20927389770596,F (Colapso),⚠️ STOP ID:319
285,2,2,0,0,0,76.13951593180397,E (Capacidad),⚠️ STOP ID:319
286,2,2,0,0,0,76.13951593180397,E (Capacidad),⚠️ STOP ID:319
287,2,2,0,0,0,76.13951593180397,E (Capacidad),⚠️ STOP ID:319
288,2,2,0,0,0,76.13951593180397,E (Capacidad),⚠️ STOP ID:319
289,3,3,0,0,0,114.20927389770596,F (Colapso),
290,2,2,0,0,0,76.13951593180397,E (Capacidad),⚠️ STOP ID:313
291,2,2,0,0,0,76.13951593180397,E (Capacidad),"⚠️ STOP ID:319, ⚠️ STOP ID:313"
292,2,2,0,0,0,76.13951593180397,E (Capacidad),⚠️ STOP ID:319
293,3,3,0,0,0,114.20927389770596,F (Colapso),⚠️ STOP ID:319
294,3,3,0,0,0,114.20927389770596,F (Colapso),⚠️ STOP ID:319
295,3,3,0,0,0,114.20927389770596,F (Colapso),⚠️ STOP ID:319
296,3,3,0,0,0,114.20927389770596,F (Colapso),⚠️ STOP ID:319
297,2,2,0,0,0,76.13951593180397,E (Capacidad),⚠️ STOP ID:319
298,2,2,0,0,0,76.13951593180397,E (Capacidad),⚠️ STOP ID:319
299,3,3,0,0,0,114.20927389770596,F (Colapso),"⚠️ STOP ID:319, ⚠️ STOP ID:313"
300,3,3,0,0,0,114.20927389770596,F (Colapso),"⚠️ STOP ID:319, ⚠️ STOP ID:313"
301,2,2,0,0,0,76.13951593180397,E (Capacidad),"⚠️ STOP ID:319, ⚠️ STOP ID:313"
302,2,2,0,0,0,76.13951593180397,E (Capacidad),"⚠️ STOP ID:319, ⚠️ STOP ID:313"
303,3,3,0,0,0,114.20927389770596,F (Colapso),"⚠️ STOP ID:319, ⚠️ STOP ID:313"
304,2,2,0,0,0,76.13951593180397,E (Capacidad),"⚠️ STOP ID:319, ⚠️ STOP ID:313"
305,2,2,0,0,0,76.13951593180397,E (Capacidad),"⚠️ STOP ID:319, ⚠️ STOP ID:313"
306,2,2,0,0,0,76.13951593180397,E (Capacidad),"⚠️ STOP ID:319, ⚠️ STOP ID:313"
307,2,2,0,0,0,76.13951593180397,E (Capacidad),"⚠️ STOP ID:319, ⚠️ STOP ID:313"
308,3,3,0,0,0,114.20927389770596,F (Colapso),"⚠️ STOP ID:319, ⚠️ STOP ID:313"
309,3,3,0,0,0,114.20927389770596,F (Colapso),"⚠️ STOP ID:319, ⚠️ STOP ID:313"
310,3,3,0,0,0,114.20927389770596,F (Colapso),"⚠️ STOP ID:319, ⚠️ STOP ID:313"
311,5,5,0,0,0,190.3487898295099,F (Colapso),"⚠️ STOP ID:319, ⚠️ STOP ID:313, ⚠️ STOP ID:370"
312,3,3,0,0,0,114.20927389770596,F (Colapso),"⚠️ STOP ID:319, ⚠️ STOP ID:313, ⚠️ STOP ID:370"
313,2,2,0,0,0,76.13951593180397,E (Capacidad),"⚠️ STOP ID:319, ⚠️ STOP ID:313"
314,4,4,0,0,0,152.27903186360794,F (Colapso),"⚠️ PROXIMIDAD, ⚠️ STOP ID:313, ⚠️ STOP ID:370"
315,4,4,0,0,0,152.27903186360794,F (Colapso),"⚠️ PROXIMIDAD, ⚠️ STOP ID:313, ⚠️ STOP ID:370"
316,2,2,0,0,0,76.13951593180397,E (Capacidad),
317,2,2,0,0,0,76.13951593180397,E (Capacidad),
318,2,2,0,0,0,76.13951593180397,E (Capacidad),
319,2,2,0,0,0,76.13951593180397,E (Capacidad),
320,2,2,0,0,0,76.13951593180397,E (Capacidad),
321,4,4,0,0,0,152.27903186360794,F (Colapso),
322,2,2,0,0,0,76.13951593180397,E (Capacidad),
323,3,3,0,0,0,114.20927389770596,F (Colapso),
324,2,2,0,0,0,76.13951593180397,E (Capacidad),
325,4,4,0,0,0,152.27903186360794,F (Colapso),
326,5,5,0,0,0,190.3487898295099,F (Colapso),⚠️ STOP ID:370
327,3,3,0,0,0,114.20927389770596,F (Colapso),"⚠️ STOP ID:313, ⚠️ STOP ID:370"
328,2,2,0,0,0,76.13951593180397,E (Capacidad),"⚠️ STOP ID:319, ⚠️ STOP ID:313"
329,3,3,0,0,0,114.20927389770596,F (Colapso),"⚠️ STOP ID:319, ⚠️ STOP ID:313, ⚠️ STOP ID:370"
330,4,4,0,0,0,152.27903186360794,F (Colapso),"⚠️ STOP ID:319, ⚠️ STOP ID:370"
331,4,4,0,0,0,152.27903186360794,F (Colapso),
332,4,4,0,0,0,152.27903186360794,F (Colapso),
333,5,5,0,0,0,190.3487898295099,F (Colapso),
334,3,3,0,0,0,114.20927389770596,F (Colapso),
335,4,4,0,0,0,152.27903186360794,F (Colapso),⚠️ STOP ID:370
336,4,4,0,0,0,152.27903186360794,F (Colapso),
337,4,4,0,0,0,152.27903186360794,F (Colapso),
338,4,4,0,0,0,152.27903186360794,F (Colapso),⚠️ STOP ID:370
339,2,2,0,0,0,76.13951593180397,E (Capacidad),
340,3,3,0,0,0,114.20927389770596,F (Colapso),
341,3,3,0,0,0,114.20927389770596,F (Colapso),⚠️ STOP ID:370
342,3,3,0,0,0,114.20927389770596,F (Colapso),⚠️ STOP ID:370
343,4,4,0,0,0,152.27903186360794,F (Colapso),⚠️ STOP ID:370
344,4,4,0,0,0,152.27903186360794,F (Colapso),⚠️ STOP ID:370
345,3,3,0,0,0,114.20927389770596,F (Colapso),⚠️ STOP ID:370
346,3,3,0,0,0,114.20927389770596,F (Colapso),
347,4,4,0,0,0,152.27903186360794,F (Colapso),
348,3,3,0,0,0,114.20927389770596,F (Colapso),
349,3,3,0,0,0,114.20927389770596,F (Colapso),
350,2,2,0,0,0,76.13951593180397,E (Capacidad),
351,3,3,0,0,0,114.20927389770596,F (Colapso),"⚠️ STOP ID:313, ⚠️ STOP ID:370"
352,2,2,0,0,0,76.13951593180397,E (Capacidad),
353,4,4,0,0,0,152.27903186360794,F (Colapso),"⚠️ STOP ID:313, ⚠️ STOP ID:370"
354,2,2,0,0,0,76.13951593180397,E (Capacidad),⚠️ STOP ID:313
355,2,2,0,0,0,76.13951593180397,E (Capacidad),⚠️ STOP ID:313
356,2,2,0,0,0,76.13951593180397,E (Capacidad),⚠️ STOP ID:313
357,2,2,0,0,0,76.13951593180397,E (Capacidad),"⚠️ STOP ID:319, ⚠️ STOP ID:313"
358,3,3,0,0,0,114.20927389770596,F (Colapso),"⚠️ STOP ID:319, ⚠️ STOP ID:313"
359,2,2,0,0,0,76.13951593180397,E (Capacidad),"⚠️ STOP ID:319, ⚠️ STOP ID:313"
360,3,3,0,0,0,114.20927389770596,F (Colapso),"⚠️ STOP ID:319, ⚠️ STOP ID:313"
361,2,2,0,0,0,76.13951593180397,E (Capacidad),"⚠️ STOP ID:319, ⚠️ STOP ID:313"
362,3,3,0,0,0,114.20927389770596,F (Colapso),"⚠️ STOP ID:319, ⚠️ STOP ID:313"
363,2,2,0,0,0,76.13951593180397,E (Capacidad),"⚠️ STOP ID:319, ⚠️ STOP ID:313"
364,3,3,0,0,0,114.20927389770596,F (Colapso),"⚠️ STOP ID:319, ⚠️ STOP ID:313, ⚠️ STOP ID:370"
365,2,2,0,0,0,76.13951593180397,E (Capacidad),"⚠️ STOP ID:319, ⚠️ STOP ID:313"
366,3,3,0,0,0,114.20927389770596,F (Colapso),"⚠️ STOP ID:319, ⚠️ STOP ID:313"
367,4,4,0,0,0,152.27903186360794,F (Colapso),"⚠️ STOP ID:319, ⚠️ STOP ID:313"
368,3,3,0,0,0,114.20927389770596,F (Colapso),"⚠️ STOP ID:319, ⚠️ STOP ID:313"
369,3,3,0,0,0,114.20927389770596,F (Colapso),"⚠️ STOP ID:319, ⚠️ STOP ID:313"
370,2,2,0,0,0,76.13951593180397,E (Capacidad),"⚠️ STOP ID:319, ⚠️ STOP ID:313"
371,3,3,0,0,0,114.20927389770596,F (Colapso),"⚠️ STOP ID:319, ⚠️ STOP ID:313, ⚠️ STOP ID:370"
372,3,3,0,0,0,114.20927389770596,F (Colapso),"⚠️ STOP ID:319, ⚠️ STOP ID:313, ⚠️ STOP ID:370"
373,2,2,0,0,0,76.13951593180397,E (Capacidad),"⚠️ STOP ID:319, ⚠️ STOP ID:313"
374,2,2,0,0,0,76.13951593180397,E (Capacidad),"⚠️ STOP ID:319, ⚠️ STOP ID:313"
375,2,2,0,0,0,76.13951593180397,E (Capacidad),"⚠️ STOP ID:319, ⚠️ STOP ID:313"
376,3,3,0,0,0,114.20927389770596,F (Colapso),"⚠️ STOP ID:319, ⚠️ STOP ID:313, ⚠️ STOP ID:370"
377,3,3,0,0,0,114.20927389770596,F (Colapso),"⚠️ STOP ID:319, ⚠️ STOP ID:313, ⚠️ STOP ID:370"
378,3,3,0,0,0,114.20927389770596,F (Colapso),"⚠️ STOP ID:319, ⚠️ STOP ID:313"
379,3,3,0,0,0,114.20927389770596,F (Colapso),"⚠️ STOP ID:319, ⚠️ STOP ID:313"
380,2,2,0,0,0,76.13951593180397,E (Capacidad),
381,2,2,0,0,0,76.13951593180397,E (Capacidad),"⚠️ STOP ID:319, ⚠️ STOP ID:313"
382,2,2,0,0,0,76.13951593180397,E (Capacidad),⚠️ STOP ID:319
383,2,2,0,0,0,76.13951593180397,E (Capacidad),⚠️ STOP ID:319
384,2,2,0,0,0,76.13951593180397,E (Capacidad),⚠️ STOP ID:319
385,2,2,0,0,0,76.13951593180397,E (Capacidad),⚠️ STOP ID:319
386,2,2,0,0,0,76.13951593180397,E (Capacidad),⚠️ STOP ID:319
387,2,2,0,0,0,76.13951593180397,E (Capacidad),"⚠️ STOP ID:319, ⚠️ STOP ID:313"
388,2,2,0,0,0,76.13951593180397,E (Capacidad),"⚠️ STOP ID:319, ⚠️ STOP ID:313"
389,2,2,0,0,0,76.13951593180397,E (Capacidad),⚠️ STOP ID:319
390,3,3,0,0,0,114.20927389770596,F (Colapso),⚠️ STOP ID:319
391,2,2,0,0,0,76.13951593180397,E (Capacidad),"⚠️ STOP ID:319, ⚠️ STOP ID:313"
392,2,2,0,0,0,76.13951593180397,E (Capacidad),⚠️ STOP ID:319
393,2,2,0,0,0,76.13951593180397,E (Capacidad),⚠️ STOP ID:319
394,3,3,0,0,0,114.20927389770596,F (Colapso),⚠️ STOP ID:319
395,2,2,0,0,0,76.13951593180397,E (Capacidad),⚠️ STOP ID:319
396,2,2,0,0,0,76.13951593180397,E (Capacidad),⚠️ STOP ID:319
397,2,2,0,0,0,76.13951593180397,E (Capacidad),"⚠️ STOP ID:319, ⚠️ STOP ID:313"
398,2,2,0,0,0,76.13951593180397,E (Capacidad),"⚠️ STOP ID:319, ⚠️ STOP ID:313"
399,3,2,0,0,1,114.20927389770596,F (Colapso),"⚠️ STOP ID:319, ⚠️ STOP ID:313"
400,2,2,0,0,0,76.13951593180397,E (Capacidad),"⚠️ STOP ID:319, ⚠️ STOP ID:313"
401,2,2,0,0,0,76.13951593180397,E (Capacidad),"⚠️ STOP ID:319, ⚠️ STOP ID:313"
402,2,2,0,0,0,76.13951593180397,E (Capacidad),⚠️ STOP ID:319
403,2,2,0,0,0,76.13951593180397,E (Capacidad),
404,2,2,0,0,0,76.13951593180397,E (Capacidad),
405,2,2,0,0,0,76.13951593180397,E (Capacidad),
406,2,2,0,0,0,76.13951593180397,E (Capacidad),⚠️ STOP ID:313
407,2,2,0,0,0,76.13951593180397,E (Capacidad),⚠️ STOP ID:313
408,4,3,0,0,1,152.27903186360794,F (Colapso),"⚠️ STOP ID:313, ⚠️ STOP ID:370"
409,3,3,0,0,0,114.20927389770596,F (Colapso),⚠️ STOP ID:370
410,2,2,0,0,0,76.13951593180397,E (Capacidad),
411,2,2,0,0,0,76.13951593180397,E (Capacidad),
412,4,3,0,0,1,152.27903186360794,F (Colapso),⚠️ STOP ID:370
413,4,3,0,0,1,152.27903186360794,F (Colapso),⚠️ STOP ID:370
414,2,2,0,0,0,76.13951593180397,E (Capacidad),
415,2,2,0,0,0,76.13951593180397,E (Capacidad),
416,2,2,0,0,0,76.13951593180397,E (Capacidad),
417,2,2,0,0,0,76.13951593180397,E (Capacidad),
418,2,2,0,0,0,76.13951593180397,E (Capacidad),
419,2,2,0,0,0,76.13951593180397,E (Capacidad),
420,4,3,0,0,1,152.27903186360794,F (Colapso),
421,4,3,0,0,1,152.27903186360794,F (Colapso),
422,3,3,0,0,0,114.20927389770596,F (Colapso),
423,3,3,0,0,0,114.20927389770596,F (Colapso),⚠️ STOP ID:370
424,3,3,0,0,0,114.20927389770596,F (Colapso),"⚠️ STOP ID:319, ⚠️ STOP ID:370"
425,2,2,0,0,0,76.13951593180397,E (Capacidad),"⚠️ STOP ID:319, ⚠️ STOP ID:313"
426,2,2,0,0,0,76.13951593180397,E (Capacidad),"⚠️ STOP ID:319, ⚠️ STOP ID:313"
427,2,2,0,0,0,76.13951593180397,E (Capacidad),"⚠️ STOP ID:319, ⚠️ STOP ID:313"
428,2,2,0,0,0,76.13951593180397,E (Capacidad),"⚠️ STOP ID:319, ⚠️ STOP ID:313"
429,2,2,0,0,0,76.13951593180397,E (Capacidad),"⚠️ STOP ID:319, ⚠️ STOP ID:313"
430,3,3,0,0,0,114.20927389770596,F (Colapso),"⚠️ STOP ID:319, ⚠️ STOP ID:313, ⚠️ STOP ID:370"
431,3,3,0,0,0,114.20927389770596,F (Colapso),"⚠️ STOP ID:313, ⚠️ STOP ID:370"
432,2,2,0,0,0,76.13951593180397,E (Capacidad),⚠️ STOP ID:313
433,3,3,0,0,0,114.20927389770596,F (Colapso),"⚠️ STOP ID:313, ⚠️ STOP ID:370"
434,3,3,0,0,0,114.20927389770596,F (Colapso),"⚠️ STOP ID:313, ⚠️ STOP ID:370"
435,3,3,0,0,0,114.20927389770596,F (Colapso),"⚠️ STOP ID:313, ⚠️ STOP ID:370"
436,3,3,0,0,0,114.20927389770596,F (Colapso),"⚠️ STOP ID:319, ⚠️ STOP ID:313, ⚠️ STOP ID:370"
437,3,3,0,0,0,114.20927389770596,F (Colapso),"⚠️ STOP ID:319, ⚠️ STOP ID:313, ⚠️ STOP ID:370"
438,3,3,0,0,0,114.20927389770596,F (Colapso),"⚠️ STOP ID:319, ⚠️ STOP ID:313, ⚠️ STOP ID:370"
439,3,3,0,0,0,114.20927389770596,F (Colapso),"⚠️ STOP ID:319, ⚠️ STOP ID:313, ⚠️ STOP ID:370"
440,4,3,0,0,1,152.27903186360794,F (Colapso),"⚠️ STOP ID:319, ⚠️ STOP ID:313, ⚠️ STOP ID:370"
441,5,4,0,0,1,190.3487898295099,F (Colapso),"⚠️ STOP ID:319, ⚠️ STOP ID:313, ⚠️ STOP ID:370"
442,4,4,0,0,0,152.27903186360794,F (Colapso),"⚠️ STOP ID:319, ⚠️ STOP ID:313, ⚠️ STOP ID:370"
443,4,4,0,0,0,152.27903186360794,F (Colapso),"⚠️ STOP ID:319, ⚠️ STOP ID:313, ⚠️ STOP ID:370"
444,3,3,0,0,0,114.20927389770596,F (Colapso),"⚠️ STOP ID:319, ⚠️ STOP ID:313, ⚠️ STOP ID:370"
445,2,2,0,0,0,76.13951593180397,E (Capacidad),"⚠️ STOP ID:319, ⚠️ STOP ID:313"
446,2,2,0,0,0,76.13951593180397,E (Capacidad),"⚠️ STOP ID:319, ⚠️ STOP ID:313"
447,4,4,0,0,0,152.27903186360794,F (Colapso),"⚠️ STOP ID:319, ⚠️ STOP ID:313, ⚠️ STOP ID:370"
448,2,2,0,0,0,76.13951593180397,E (Capacidad),"⚠️ STOP ID:319, ⚠️ STOP ID:313"
449,3,3,0,0,0,114.20927389770596,F (Colapso),"⚠️ STOP ID:319, ⚠️ STOP ID:313, ⚠️ STOP ID:370"
450,3,3,0,0,0,114.20927389770596,F (Colapso),"⚠️ STOP ID:319, ⚠️ STOP ID:313, ⚠️ STOP ID:370"
451,4,3,0,0,1,152.27903186360794,F (Colapso),⚠️ STOP ID:313
452,2,2,0,0,0,76.13951593180397,E (Capacidad),⚠️ STOP ID:313
453,3,3,0,0,0,114.20927389770596,F (Colapso),"⚠️ STOP ID:319, ⚠️ STOP ID:313"
454,3,3,0,0,0,114.20927389770596,F (Colapso),"⚠️ STOP ID:319, ⚠️ STOP ID:313"
455,3,3,0,0,0,114.20927389770596,F (Colapso),"⚠️ STOP ID:319, ⚠️ STOP ID:313"
456,3,2,0,0,1,114.20927389770596,F (Colapso),"⚠️ STOP ID:319, ⚠️ STOP ID:313"
457,2,2,0,0,0,76.13951593180397,E (Capacidad),"⚠️ STOP ID:319, ⚠️ STOP ID:313"
458,3,2,0,0,1,114.20927389770596,F (Colapso),"⚠️ STOP ID:319, ⚠️ STOP ID:313"
459,4,3,0,0,1,152.27903186360794,F (Colapso),"⚠️ STOP ID:319, ⚠️ STOP ID:313"
460,3,3,0,0,0,114.20927389770596,F (Colapso),"⚠️ STOP ID:319, ⚠️ STOP ID:313"
461,4,3,0,0,1,152.27903186360794,F (Colapso),"⚠️ STOP ID:319, ⚠️ STOP ID:313, ⚠️ STOP ID:370"
462,3,3,0,0,0,114.20927389770596,F (Colapso),"⚠️ STOP ID:319, ⚠️ STOP ID:313, ⚠️ STOP ID:370"
463,3,3,0,0,0,114.20927389770596,F (Colapso),"⚠️ STOP ID:319, ⚠️ STOP ID:313, ⚠️ STOP ID:370"
464,3,3,0,0,0,114.20927389770596,F (Colapso),"⚠️ STOP ID:319, ⚠️ STOP ID:313, ⚠️ STOP ID:370"
465,3,3,0,0,0,114.20927389770596,F (Colapso),"⚠️ STOP ID:319, ⚠️ STOP ID:313, ⚠️ STOP ID:370"
466,3,3,0,0,0,114.20927389770596,F (Colapso),"⚠️ STOP ID:319, ⚠️ STOP ID:313, ⚠️ STOP ID:370"
467,3,3,0,0,0,114.20927389770596,F (Colapso),"⚠️ STOP ID:319, ⚠️ STOP ID:313, ⚠️ STOP ID:370"
468,3,3,0,0,0,114.20927389770596,F (Colapso),"⚠️ STOP ID:319, ⚠️ STOP ID:313, ⚠️ STOP ID:370"
469,3,3,0,0,0,114.20927389770596,F (Colapso),"⚠️ STOP ID:319, ⚠️ STOP ID:313, ⚠️ STOP ID:370"
470,3,3,0,0,0,114.20927389770596,F (Colapso),"⚠️ STOP ID:319, ⚠️ STOP ID:313, ⚠️ STOP ID:370"
471,3,3,0,0,0,114.20927389770596,F (Colapso),"⚠️ STOP ID:319, ⚠️ STOP ID:313, ⚠️ STOP ID:370"
472,3,3,0,0,0,114.20927389770596,F (Colapso),"⚠️ STOP ID:319, ⚠️ STOP ID:313, ⚠️ STOP ID:370"
473,3,3,0,0,0,114.20927389770596,F (Colapso),"⚠️ STOP ID:319, ⚠️ STOP ID:313, ⚠️ STOP ID:370"
474,3,3,0,0,0,114.20927389770596,F (Colapso),"⚠️ STOP ID:319, ⚠️ STOP ID:313, ⚠️ STOP ID:370"
475,3,3,0,0,0,114.20927389770596,F (Colapso),"⚠️ STOP ID:319, ⚠️ STOP ID:313, ⚠️ STOP ID:370"
476,3,3,0,0,0,114.20927389770596,F (Colapso),"⚠️ STOP ID:319, ⚠️ STOP ID:313, ⚠️ STOP ID:370"
477,2,2,0,0,0,76.13951593180397,E (Capacidad),"⚠️ STOP ID:319, ⚠️ STOP ID:313"
478,2,2,0,0,0,76.13951593180397,E (Capacidad),"⚠️ STOP ID:319, ⚠️ STOP ID:313"
479,2,2,0,0,0,76.13951593180397,E (Capacidad),"⚠️ STOP ID:319, ⚠️ STOP ID:313"
480,4,3,0,0,1,152.27903186360794,F (Colapso),"⚠️ STOP ID:319, ⚠️ STOP ID:313, ⚠️ STOP ID:370"
481,3,3,0,0,0,114.20927389770596,F (Colapso),"⚠️ STOP ID:319, ⚠️ STOP ID:313, ⚠️ STOP ID:370"
482,2,1,0,0,1,76.13951593180397,E (Capacidad),⚠️ STOP ID:319
483,2,2,0,0,0,76.13951593180397,E (Capacidad),"⚠️ STOP ID:319, ⚠️ STOP ID:313"
484,3,3,0,0,0,114.20927389770596,F (Colapso),"⚠️ STOP ID:319, ⚠️ STOP ID:313"
485,3,3,0,0,0,114.20927389770596,F (Colapso),"⚠️ STOP ID:319, ⚠️ STOP ID:313, ⚠️ STOP ID:370"
486,3,3,0,0,0,114.20927389770596,F (Colapso),"⚠️ STOP ID:319, ⚠️ STOP ID:313, ⚠️ STOP ID:370"
487,3,3,0,0,0,114.20927389770596,F (Colapso),"⚠️ STOP ID:319, ⚠️ STOP ID:313, ⚠️ STOP ID:370"
488,3,3,0,0,0,114.20927389770596,F (Colapso),"⚠️ STOP ID:319, ⚠️ STOP ID:313, ⚠️ STOP ID:370"
489,4,3,0,0,1,152.27903186360794,F (Colapso),"⚠️ STOP ID:319, ⚠️ STOP ID:313, ⚠️ STOP ID:370"
490,4,3,0,0,1,152.27903186360794,F (Colapso),"⚠️ STOP ID:319, ⚠️ STOP ID:313, ⚠️ STOP ID:370"
491,4,3,0,0,1,152.27903186360794,F (Colapso),"⚠️ STOP ID:319, ⚠️ STOP ID:313, ⚠️ STOP ID:370"
492,3,3,0,0,0,114.20927389770596,F (Colapso),"⚠️ STOP ID:319, ⚠️ STOP ID:313, ⚠️ STOP ID:370"
493,4,3,0,0,1,152.27903186360794,F (Colapso),"⚠️ STOP ID:319, ⚠️ STOP ID:313, ⚠️ STOP ID:370"
494,4,3,0,0,1,152.27903186360794,F (Colapso),"⚠️ STOP ID:319, ⚠️ STOP ID:313, ⚠️ STOP ID:370"
495,3,3,0,0,0,114.20927389770596,F (Colapso),"⚠️ STOP ID:319, ⚠️ STOP ID:313, ⚠️ STOP ID:370"
496,2,2,0,0,0,76.13951593180397,E (Capacidad),"⚠️ STOP ID:319, ⚠️ STOP ID:313"
497,3,3,0,0,0,114.20927389770596,F (Colapso),"⚠️ STOP ID:319, ⚠️ STOP ID:313, ⚠️ STOP ID:370"
498,3,3,0,0,0,114.20927389770596,F (Colapso),"⚠️ STOP ID:319, ⚠️ STOP ID:313, ⚠️ STOP ID:370"
499,3,3,0,0,0,114.20927389770596,F (Colapso),"⚠️ STOP ID:319, ⚠️ STOP ID:313, ⚠️ STOP ID:370"
500,4,3,0,0,1,152.27903186360794,F (Colapso),"⚠️ STOP ID:319, ⚠️ STOP ID:313, ⚠️ STOP ID:370"
501,3,3,0,0,0,114.20927389770596,F (Colapso),"⚠️ STOP ID:319, ⚠️ STOP ID:313, ⚠️ STOP ID:370"
502,2,2,0,0,0,76.13951593180397,E (Capacidad),"⚠️ STOP ID:319, ⚠️ STOP ID:313"
503,3,3,0,0,0,114.20927389770596,F (Colapso),"⚠️ STOP ID:319, ⚠️ STOP ID:313, ⚠️ STOP ID:370"
504,3,3,0,0,0,114.20927389770596,F (Colapso),"⚠️ STOP ID:319, ⚠️ STOP ID:313, ⚠️ STOP ID:370"
505,3,3,0,0,0,114.20927389770596,F (Colapso),"⚠️ STOP ID:319, ⚠️ STOP ID:313, ⚠️ STOP ID:370"
506,3,3,0,0,0,114.20927389770596,F (Colapso),"⚠️ STOP ID:319, ⚠️ STOP ID:313, ⚠️ STOP ID:370"
507,3,3,0,0,0,114.20927389770596,F (Colapso),"⚠️ STOP ID:319, ⚠️ STOP ID:313, ⚠️ STOP ID:370"
508,3,3,0,0,0,114.20927389770596,F (Colapso),"⚠️ STOP ID:319, ⚠️ STOP ID:313, ⚠️ STOP ID:370"
509,2,2,0,0,0,76.13951593180397,E (Capacidad),"⚠️ STOP ID:319, ⚠️ STOP ID:313"
510,3,3,0,0,0,114.20927389770596,F (Colapso),"⚠️ STOP ID:319, ⚠️ STOP ID:313, ⚠️ STOP ID:370"
511,3,3,0,0,0,114.20927389770596,F (Colapso),"⚠️ STOP ID:319, ⚠️ STOP ID:313, ⚠️ STOP ID:370"
512,3,3,0,0,0,114.20927389770596,F (Colapso),"⚠️ STOP ID:319, ⚠️ STOP ID:313, ⚠️ STOP ID:370"
513,3,3,0,0,0,114.20927389770596,F (Colapso),"⚠️ STOP ID:319, ⚠️ STOP ID:313, ⚠️ STOP ID:370"
514,3,3,0,0,0,114.20927389770596,F (Colapso),"⚠️ STOP ID:319, ⚠️ STOP ID:313, ⚠️ STOP ID:370"
515,2,2,0,0,0,76.13951593180397,E (Capacidad),"⚠️ STOP ID:319, ⚠️ STOP ID:313"
516,2,2,0,0,0,76.13951593180397,E (Capacidad),⚠️ STOP ID:313
517,2,2,0,0,0,76.13951593180397,E (Capacidad),"⚠️ STOP ID:319, ⚠️ STOP ID:313"
518,3,3,0,0,0,114.20927389770596,F (Colapso),"⚠️ STOP ID:319, ⚠️ STOP ID:313, ⚠️ STOP ID:370"
519,3,3,0,0,0,114.20927389770596,F (Colapso),"⚠️ STOP ID:319, ⚠️ STOP ID:313, ⚠️ STOP ID:370"
520,3,3,0,0,0,114.20927389770596,F (Colapso),"⚠️ STOP ID:319, ⚠️ STOP ID:313, ⚠️ STOP ID:370"
521,3,3,0,0,0,114.20927389770596,F (Colapso),"⚠️ STOP ID:319, ⚠️ STOP ID:313, ⚠️ STOP ID:370"
522,3,3,0,0,0,114.20927389770596,F (Colapso),"⚠️ STOP ID:319, ⚠️ STOP ID:313"
523,3,3,0,0,0,114.20927389770596,F (Colapso),"⚠️ STOP ID:319, ⚠️ STOP ID:313, ⚠️ STOP ID:370"
524,3,3,0,0,0,114.20927389770596,F (Colapso),⚠️ STOP ID:313
525,3,3,0,0,0,114.20927389770596,F (Colapso),"⚠️ STOP ID:313, ⚠️ STOP ID:370"
526,3,3,0,0,0,114.20927389770596,F (Colapso),"⚠️ STOP ID:313, ⚠️ STOP ID:370"
527,3,3,0,0,0,114.20927389770596,F (Colapso),"⚠️ STOP ID:313, ⚠️ STOP ID:370"
528,2,2,0,0,0,76.13951593180397,E (Capacidad),⚠️ STOP ID:313
529,2,2,0,0,0,76.13951593180397,E (Capacidad),⚠️ STOP ID:313
530,3,3,0,0,0,114.20927389770596,F (Colapso),"⚠️ STOP ID:313, ⚠️ STOP ID:370"
531,3,3,0,0,0,114.20927389770596,F (Colapso),"⚠️ STOP ID:313, ⚠️ STOP ID:370"
532,2,2,0,0,0,76.13951593180397,E (Capacidad),⚠️ STOP ID:313
533,2,2,0,0,0,76.13951593180397,E (Capacidad),⚠️ STOP ID:313
534,3,3,0,0,0,114.20927389770596,F (Colapso),"⚠️ STOP ID:313, ⚠️ STOP ID:370"
535,2,2,0,0,0,76.13951593180397,E (Capacidad),⚠️ STOP ID:313
536,3,3,0,0,0,114.20927389770596,F (Colapso),"⚠️ STOP ID:313, ⚠️ STOP ID:370"
537,2,2,0,0,0,76.13951593180397,E (Capacidad),⚠️ STOP ID:313
538,2,2,0,0,0,76.13951593180397,E (Capacidad),⚠️ STOP ID:313
539,2,2,0,0,0,76.13951593180397,E (Capacidad),⚠️ STOP ID:313
540,2,2,0,0,0,76.13951593180397,E (Capacidad),
541,2,2,0,0,0,76.13951593180397,E (Capacidad),⚠️ STOP ID:313
542,3,3,0,0,0,114.20927389770596,F (Colapso),⚠️ STOP ID:370
543,3,3,0,0,0,114.20927389770596,F (Colapso),
544,3,3,0,0,0,114.20927389770596,F (Colapso),⚠️ STOP ID:370
545,2,2,0,0,0,76.13951593180397,E (Capacidad),⚠️ STOP ID:313
546,2,2,0,0,0,76.13951593180397,E (Capacidad),
547,2,2,0,0,0,76.13951593180397,E (Capacidad),"⚠️ STOP ID:319, ⚠️ STOP ID:313"
548,3,2,0,0,1,114.20927389770596,F (Colapso),"⚠️ STOP ID:319, ⚠️ STOP ID:434, ⚠️ STOP ID:313"
549,3,3,0,0,0,114.20927389770596,F (Colapso),"⚠️ STOP ID:319, ⚠️ STOP ID:313"
550,3,3,0,0,0,114.20927389770596,F (Colapso),⚠️ STOP ID:313
551,4,3,0,0,1,152.27903186360794,F (Colapso),"⚠️ STOP ID:313, ⚠️ STOP ID:370"
552,3,3,0,0,0,114.20927389770596,F (Colapso),"⚠️ STOP ID:313, ⚠️ STOP ID:370"
553,3,3,0,0,0,114.20927389770596,F (Colapso),"⚠️ STOP ID:313, ⚠️ STOP ID:370"
554,3,3,0,0,0,114.20927389770596,F (Colapso),"⚠️ STOP ID:313, ⚠️ STOP ID:370"
555,3,3,0,0,0,114.20927389770596,F (Colapso),"⚠️ STOP ID:313, ⚠️ STOP ID:370"
556,3,3,0,0,0,114.20927389770596,F (Colapso),⚠️ STOP ID:313
557,4,4,0,0,0,152.27903186360794,F (Colapso),⚠️ STOP ID:313
558,4,4,0,0,0,152.27903186360794,F (Colapso),⚠️ STOP ID:313
559,3,3,0,0,0,114.20927389770596,F (Colapso),"⚠️ STOP ID:313, ⚠️ STOP ID:370"
560,3,3,0,0,0,114.20927389770596,F (Colapso),"⚠️ STOP ID:313, ⚠️ STOP ID:370"
561,4,3,0,0,1,152.27903186360794,F (Colapso),"⚠️ STOP ID:313, ⚠️ STOP ID:370"
562,2,2,0,0,0,76.13951593180397,E (Capacidad),⚠️ STOP ID:313
563,4,3,0,0,1,152.27903186360794,F (Colapso),"⚠️ STOP ID:313, ⚠️ STOP ID:370"
564,4,3,0,0,1,152.27903186360794,F (Colapso),⚠️ STOP ID:313
565,3,3,0,0,0,114.20927389770596,F (Colapso),"⚠️ STOP ID:313, ⚠️ STOP ID:370"
566,2,2,0,0,0,76.13951593180397,E (Capacidad),⚠️ STOP ID:313
567,3,3,0,0,0,114.20927389770596,F (Colapso),"⚠️ STOP ID:313, ⚠️ STOP ID:370"
568,3,3,0,0,0,114.20927389770596,F (Colapso),"⚠️ STOP ID:313, ⚠️ STOP ID:370"
569,2,2,0,0,0,76.13951593180397,E (Capacidad),"⚠️ STOP ID:313, ⚠️ STOP ID:370"
570,1,1,0,0,0,38.069757965901985,D (Inestable),⚠️ STOP ID:313
571,3,2,0,0,1,114.20927389770596,F (Colapso),⚠️ STOP ID:313
572,3,3,0,0,0,114.20927389770596,F (Colapso),"⚠️ STOP ID:313, ⚠️ STOP ID:370"
573,3,3,0,0,0,114.20927389770596,F (Colapso),"⚠️ STOP ID:313, ⚠️ STOP ID:370"
574,3,3,0,0,0,114.20927389770596,F (Colapso),"⚠️ STOP ID:313, ⚠️ STOP ID:370"
575,3,3,0,0,0,114.20927389770596,F (Colapso),
576,2,2,0,0,0,76.13951593180397,E (Capacidad),"⚠️ STOP ID:313, ⚠️ STOP ID:370"
577,3,3,0,0,0,114.20927389770596,F (Colapso),"⚠️ STOP ID:313, ⚠️ STOP ID:370"
578,3,3,0,0,0,114.20927389770596,F (Colapso),"⚠️ STOP ID:313, ⚠️ STOP ID:370"
579,3,3,0,0,0,114.20927389770596,F (Colapso),"⚠️ STOP ID:313, ⚠️ STOP ID:370"
580,4,4,0,0,0,152.27903186360794,F (Colapso),⚠️ STOP ID:313
581,4,4,0,0,0,152.27903186360794,F (Colapso),"⚠️ STOP ID:313, ⚠️ STOP ID:370"
582,2,2,0,0,0,76.13951593180397,E (Capacidad),
583,2,2,0,0,0,76.13951593180397,E (Capacidad),
584,3,3,0,0,0,114.20927389770596,F (Colapso),
585,3,3,0,0,0,114.20927389770596,F (Colapso),⚠️ STOP ID:370
586,2,2,0,0,0,76.13951593180397,E (Capacidad),
587,2,2,0,0,0,76.13951593180397,E (Capacidad),
588,2,2,0,0,0,76.13951593180397,E (Capacidad),
589,3,3,0,0,0,114.20927389770596,F (Colapso),⚠️ STOP ID:370
590,2,2,0,0,0,76.13951593180397,E (Capacidad),
591,3,3,0,0,0,114.20927389770596,F (Colapso),
592,3,3,0,0,0,114.20927389770596,F (Colapso),
593,4,4,0,0,0,152.27903186360794,F (Colapso),⚠️ STOP ID:313
594,4,4,0,0,0,152.27903186360794,F (Colapso),⚠️ STOP ID:313
595,2,2,0,0,0,76.13951593180397,E (Capacidad),⚠️ STOP ID:313
596,3,3,0,0,0,114.20927389770596,F (Colapso),⚠️ STOP ID:313
597,6,5,0,0,1,228.4185477954119,F (Colapso),⚠️ STOP ID:313
598,6,5,0,0,1,228.4185477954119,F (Colapso),"⚠️ STOP ID:313, ⚠️ STOP ID:370"
599,2,2,0,0,0,76.13951593180397,E (Capacidad),⚠️ STOP ID:313
600,2,2,0,0,0,76.13951593180397,E (Capacidad),⚠️ STOP ID:313
601,2,2,0,0,0,76.13951593180397,E (Capacidad),⚠️ STOP ID:313
602,3,3,0,0,0,114.20927389770596,F (Colapso),⚠️ STOP ID:313
603,1,1,0,0,0,38.069757965901985,D (Inestable),⚠️ STOP ID:313
604,3,3,0,0,0,114.20927389770596,F (Colapso),⚠️ STOP ID:313
605,3,3,0,0,0,114.20927389770596,F (Colapso),⚠️ STOP ID:313
606,4,4,0,0,0,152.27903186360794,F (Colapso),"⚠️ STOP ID:313, ⚠️ STOP ID:370"
607,3,3,0,0,0,114.20927389770596,F (Colapso),"⚠️ STOP ID:313, ⚠️ STOP ID:370"
608,3,3,0,0,0,114.20927389770596,F (Colapso),"⚠️ STOP ID:313, ⚠️ STOP ID:370"
609,3,3,0,0,0,114.20927389770596,F (Colapso),"⚠️ STOP ID:313, ⚠️ STOP ID:370"
610,4,3,0,0,1,152.27903186360794,F (Colapso),"⚠️ STOP ID:313, ⚠️ STOP ID:370"
611,3,3,0,0,0,114.20927389770596,F (Colapso),"⚠️ STOP ID:313, ⚠️ STOP ID:370"
612,4,3,0,0,1,152.27903186360794,F (Colapso),"⚠️ STOP ID:434, ⚠️ STOP ID:313"
613,4,3,0,0,1,152.27903186360794,F (Colapso),"⚠️ STOP ID:434, ⚠️ STOP ID:313, ⚠️ STOP ID:370"
614,4,3,0,0,1,152.27903186360794,F (Colapso),"⚠️ STOP ID:434, ⚠️ STOP ID:313, ⚠️ STOP ID:370"
615,4,3,0,0,1,152.27903186360794,F (Colapso),"⚠️ STOP ID:434, ⚠️ STOP ID:313, ⚠️ STOP ID:370"
616,4,3,0,0,1,152.27903186360794,F (Colapso),"⚠️ STOP ID:434, ⚠️ STOP ID:313, ⚠️ STOP ID:370"
617,3,3,0,0,0,114.20927389770596,F (Colapso),"⚠️ STOP ID:313, ⚠️ STOP ID:370"
618,3,3,0,0,0,114.20927389770596,F (Colapso),"⚠️ STOP ID:313, ⚠️ STOP ID:370"
619,3,3,0,0,0,114.20927389770596,F (Colapso),"⚠️ STOP ID:313, ⚠️ STOP ID:370"
620,4,3,0,0,1,152.27903186360794,F (Colapso),"⚠️ STOP ID:434, ⚠️ STOP ID:576, ⚠️ STOP ID:313, ⚠️ STOP ID:370"
621,2,2,0,0,0,76.13951593180397,E (Capacidad),"⚠️ STOP ID:313, ⚠️ STOP ID:370"
622,4,3,0,0,1,152.27903186360794,F (Colapso),"⚠️ STOP ID:434, ⚠️ STOP ID:576, ⚠️ STOP ID:313, ⚠️ STOP ID:370"
623,3,3,0,0,0,114.20927389770596,F (Colapso),"⚠️ STOP ID:576, ⚠️ STOP ID:313, ⚠️ STOP ID:370"
624,5,4,0,0,1,190.3487898295099,F (Colapso),"⚠️ STOP ID:434, ⚠️ STOP ID:576, ⚠️ STOP ID:313"
625,5,5,0,0,0,190.3487898295099,F (Colapso),"⚠️ STOP ID:576, ⚠️ STOP ID:313, ⚠️ STOP ID:370"
626,4,4,0,0,0,152.27903186360794,F (Colapso),"⚠️ STOP ID:576, ⚠️ STOP ID:313, ⚠️ STOP ID:370"
627,4,3,0,0,1,152.27903186360794,F (Colapso),"⚠️ PROXIMIDAD, ⚠️ STOP ID:313, ⚠️ STOP ID:370"
628,3,3,0,0,0,114.20927389770596,F (Colapso),"⚠️ STOP ID:313, ⚠️ STOP ID:370"
629,3,3,0,0,0,114.20927389770596,F (Colapso),"⚠️ STOP ID:313, ⚠️ STOP ID:370"
630,5,4,0,0,1,190.3487898295099,F (Colapso),"⚠️ PROXIMIDAD, ⚠️ STOP ID:313, ⚠️ STOP ID:370"
631,3,3,0,0,0,114.20927389770596,F (Colapso),
632,2,2,0,0,0,76.13951593180397,E (Capacidad),⚠️ STOP ID:313
633,3,3,0,0,0,114.20927389770596,F (Colapso),"⚠️ STOP ID:313, ⚠️ PROXIMIDAD"
634,2,2,0,0,0,76.13951593180397,E (Capacidad),⚠️ STOP ID:313
635,2,2,0,0,0,76.13951593180397,E (Capacidad),⚠️ STOP ID:313
636,2,2,0,0,0,76.13951593180397,E (Capacidad),⚠️ STOP ID:313
637,2,2,0,0,0,76.13951593180397,E (Capacidad),⚠️ STOP ID:313
638,2,2,0,0,0,76.13951593180397,E (Capacidad),⚠️ STOP ID:313
639,1,1,0,0,0,38.069757965901985,D (Inestable),⚠️ STOP ID:313
640,2,2,0,0,0,76.13951593180397,E (Capacidad),⚠️ STOP ID:313
641,3,3,0,0,0,114.20927389770596,F (Colapso),"⚠️ STOP ID:313, ⚠️ STOP ID:370"
642,1,1,0,0,0,38.069757965901985,D (Inestable),⚠️ STOP ID:313
643,2,2,0,0,0,76.13951593180397,E (Capacidad),"⚠️ STOP ID:313, ⚠️ STOP ID:370"
644,1,1,0,0,0,38.069757965901985,D (Inestable),⚠️ STOP ID:313
645,1,1,0,0,0,38.069757965901985,D (Inestable),
646,2,1,0,0,1,76.13951593180397,E (Capacidad),
647,2,2,0,0,0,76.13951593180397,E (Capacidad),⚠️ STOP ID:370
648,3,2,0,0,1,114.20927389770596,F (Colapso),
649,3,2,0,0,1,114.20927389770596,F (Colapso),
650,3,2,0,0,1,114.20927389770596,F (Colapso),⚠️ STOP ID:370
651,2,1,0,0,1,76.13951593180397,E (Capacidad),⚠️ STOP ID:434
652,1,1,0,0,0,38.069757965901985,D (Inestable),
653,3,2,0,0,1,114.20927389770596,F (Colapso),⚠️ STOP ID:370
654,2,2,0,0,0,76.13951593180397,E (Capacidad),"⚠️ STOP ID:313, ⚠️ STOP ID:370"
655,2,2,0,0,0,76.13951593180397,E (Capacidad),"⚠️ STOP ID:313, ⚠️ STOP ID:370"
656,4,4,0,0,0,152.27903186360794,F (Colapso),"⚠️ STOP ID:313, ⚠️ STOP ID:370"
657,4,3,0,0,1,152.27903186360794,F (Colapso),"⚠️ STOP ID:313, ⚠️ STOP ID:370"
658,3,3,0,0,0,114.20927389770596,F (Colapso),"⚠️ STOP ID:313, ⚠️ STOP ID:370"
659,3,3,0,0,0,114.20927389770596,F (Colapso),"⚠️ STOP ID:313, ⚠️ STOP ID:370"
660,4,4,0,0,0,152.27903186360794,F (Colapso),"⚠️ STOP ID:313, ⚠️ STOP ID:370"
661,3,3,0,0,0,114.20927389770596,F (Colapso),"⚠️ STOP ID:313, ⚠️ STOP ID:370"
662,5,4,0,0,1,190.3487898295099,F (Colapso),"⚠️ PROXIMIDAD, ⚠️ STOP ID:313, ⚠️ STOP ID:370"
663,6,4,0,0,2,228.4185477954119,F (Colapso),"⚠️ PROXIMIDAD, ⚠️ STOP ID:313, ⚠️ STOP ID:370"
664,5,4,0,0,1,190.3487898295099,F (Colapso),"⚠️ PROXIMIDAD, ⚠️ STOP ID:313, ⚠️ STOP ID:370"
665,5,3,0,0,2,190.3487898295099,F (Colapso),"⚠️ STOP ID:313, ⚠️ PROXIMIDAD"
666,5,4,0,0,1,190.3487898295099,F (Colapso),"⚠️ STOP ID:434, ⚠️ STOP ID:313, ⚠️ STOP ID:370"
667,5,4,0,0,1,190.3487898295099,F (Colapso),"⚠️ STOP ID:313, ⚠️ STOP ID:370"
668,3,3,0,0,0,114.20927389770596,F (Colapso),"⚠️ STOP ID:313, ⚠️ STOP ID:370"
669,3,3,0,0,0,114.20927389770596,F (Colapso),⚠️ STOP ID:370
670,3,3,0,0,0,114.20927389770596,F (Colapso),
671,3,3,0,0,0,114.20927389770596,F (Colapso),⚠️ STOP ID:370
672,2,2,0,0,0,76.13951593180397,E (Capacidad),⚠️ STOP ID:370
673,3,3,0,0,0,114.20927389770596,F (Colapso),⚠️ STOP ID:370
674,4,3,0,0,1,152.27903186360794,F (Colapso),"⚠️ STOP ID:434, ⚠️ STOP ID:370"
675,4,3,0,0,1,152.27903186360794,F (Colapso),⚠️ STOP ID:370
676,4,3,0,0,1,152.27903186360794,F (Colapso),⚠️ STOP ID:434
677,3,3,0,0,0,114.20927389770596,F (Colapso),
678,3,2,0,0,1,114.20927389770596,F (Colapso),⚠️ STOP ID:434
679,4,3,0,0,1,152.27903186360794,F (Colapso),⚠️ STOP ID:434
680,3,3,0,0,0,114.20927389770596,F (Colapso),
681,4,3,0,0,1,152.27903186360794,F (Colapso),⚠️ STOP ID:434
682,3,2,0,0,1,114.20927389770596,F (Colapso),⚠️ STOP ID:434
683,2,2,0,0,0,76.13951593180397,E (Capacidad),"⚠️ STOP ID:313, ⚠️ STOP ID:370"
684,2,2,0,0,0,76.13951593180397,E (Capacidad),"⚠️ STOP ID:313, ⚠️ STOP ID:370"
685,3,3,0,0,0,114.20927389770596,F (Colapso),"⚠️ STOP ID:313, ⚠️ STOP ID:370"
686,2,2,0,0,0,76.13951593180397,E (Capacidad),"⚠️ STOP ID:313, ⚠️ STOP ID:370"
687,2,2,0,0,0,76.13951593180397,E (Capacidad),"⚠️ STOP ID:313, ⚠️ STOP ID:370"
688,2,2,0,0,0,76.13951593180397,E (Capacidad),⚠️ STOP ID:313
689,2,2,0,0,0,76.13951593180397,E (Capacidad),⚠️ STOP ID:313
690,2,2,0,0,0,76.13951593180397,E (Capacidad),"⚠️ STOP ID:313, ⚠️ STOP ID:370"
691,2,2,0,0,0,76.13951593180397,E (Capacidad),"⚠️ STOP ID:313, ⚠️ STOP ID:370"
692,2,2,0,0,0,76.13951593180397,E (Capacidad),"⚠️ STOP ID:313, ⚠️ STOP ID:370"
693,2,2,0,0,0,76.13951593180397,E (Capacidad),"⚠️ STOP ID:313, ⚠️ STOP ID:370"
694,2,2,0,0,0,76.13951593180397,E (Capacidad),"⚠️ STOP ID:313, ⚠️ STOP ID:370"
695,2,2,0,0,0,76.13951593180397,E (Capacidad),"⚠️ STOP ID:313, ⚠️ STOP ID:370"
696,2,2,0,0,0,76.13951593180397,E (Capacidad),"⚠️ STOP ID:313, ⚠️ STOP ID:370"
697,3,3,0,0,0,114.20927389770596,F (Colapso),"⚠️ STOP ID:313, ⚠️ STOP ID:370"
698,3,3,0,0,0,114.20927389770596,F (Colapso),"⚠️ STOP ID:313, ⚠️ STOP ID:370"
699,3,3,0,0,0,114.20927389770596,F (Colapso),"⚠️ STOP ID:313, ⚠️ STOP ID:370"
700,2,2,0,0,0,76.13951593180397,E (Capacidad),"⚠️ STOP ID:313, ⚠️ STOP ID:370"
701,2,2,0,0,0,76.13951593180397,E (Capacidad),"⚠️ STOP ID:313, ⚠️ STOP ID:370"
702,1,1,0,0,0,38.069757965901985,D (Inestable),⚠️ STOP ID:313
703,1,1,0,0,0,38.069757965901985,D (Inestable),⚠️ STOP ID:313
704,2,2,0,0,0,76.13951593180397,E (Capacidad),"⚠️ STOP ID:313, ⚠️ STOP ID:370"
705,3,2,0,0,1,114.20927389770596,F (Colapso),"⚠️ STOP ID:434, ⚠️ STOP ID:313, ⚠️ STOP ID:370"
706,2,2,0,0,0,76.13951593180397,E (Capacidad),"⚠️ STOP ID:313, ⚠️ STOP ID:370"
707,2,2,0,0,0,76.13951593180397,E (Capacidad),"⚠️ STOP ID:313, ⚠️ STOP ID:370"
708,2,2,0,0,0,76.13951593180397,E (Capacidad),"⚠️ STOP ID:313, ⚠️ STOP ID:370"
709,2,2,0,0,0,76.13951593180397,E (Capacidad),"⚠️ STOP ID:313, ⚠️ STOP ID:370"
710,2,2,0,0,0,76.13951593180397,E (Capacidad),"⚠️ STOP ID:313, ⚠️ STOP ID:370"
711,2,2,0,0,0,76.13951593180397,E (Capacidad),"⚠️ STOP ID:313, ⚠️ STOP ID:370"
712,2,2,0,0,0,76.13951593180397,E (Capacidad),"⚠️ STOP ID:313, ⚠️ STOP ID:370"
713,3,3,0,0,0,114.20927389770596,F (Colapso),"⚠️ STOP ID:313, ⚠️ STOP ID:370"
714,3,3,0,0,0,114.20927389770596,F (Colapso),"⚠️ STOP ID:313, ⚠️ STOP ID:370"
715,3,3,0,0,0,114.20927389770596,F (Colapso),"⚠️ STOP ID:313, ⚠️ STOP ID:370"
716,4,4,0,0,0,152.27903186360794,F (Colapso),"⚠️ STOP ID:313, ⚠️ STOP ID:370"
717,3,3,0,0,0,114.20927389770596,F (Colapso),"⚠️ STOP ID:313, ⚠️ STOP ID:370"
718,3,3,0,0,0,114.20927389770596,F (Colapso),⚠️ STOP ID:313
719,3,3,0,0,0,114.20927389770596,F (Colapso),⚠️ STOP ID:313
720,2,2,0,0,0,76.13951593180397,E (Capacidad),⚠️ STOP ID:313
721,2,2,0,0,0,76.13951593180397,E (Capacidad),"⚠️ STOP ID:313, ⚠️ STOP ID:370"
722,2,2,0,0,0,76.13951593180397,E (Capacidad),"⚠️ STOP ID:313, ⚠️ STOP ID:370"
723,2,2,0,0,0,76.13951593180397,E (Capacidad),"⚠️ STOP ID:313, ⚠️ STOP ID:370"
724,2,2,0,0,0,76.13951593180397,E (Capacidad),"⚠️ STOP ID:313, ⚠️ STOP ID:370"
725,2,2,0,0,0,76.13951593180397,E (Capacidad),"⚠️ STOP ID:313, ⚠️ STOP ID:370"
726,2,2,0,0,0,76.13951593180397,E (Capacidad),"⚠️ STOP ID:313, ⚠️ STOP ID:370"
727,2,2,0,0,0,76.13951593180397,E (Capacidad),"⚠️ STOP ID:313, ⚠️ STOP ID:370"
728,2,2,0,0,0,76.13951593180397,E (Capacidad),"⚠️ STOP ID:313, ⚠️ STOP ID:370"
729,2,2,0,0,0,76.13951593180397,E (Capacidad),"⚠️ STOP ID:313, ⚠️ STOP ID:370"
730,2,2,0,0,0,76.13951593180397,E (Capacidad),⚠️ STOP ID:313
731,2,2,0,0,0,76.13951593180397,E (Capacidad),⚠️ STOP ID:313
732,2,2,0,0,0,76.13951593180397,E (Capacidad),
733,2,2,0,0,0,76.13951593180397,E (Capacidad),⚠️ STOP ID:370
734,2,2,0,0,0,76.13951593180397,E (Capacidad),⚠️ STOP ID:313
735,2,2,0,0,0,76.13951593180397,E (Capacidad),
736,1,1,0,0,0,38.069757965901985,D (Inestable),
737,1,1,0,0,0,38.069757965901985,D (Inestable),
738,1,1,0,0,0,38.069757965901985,D (Inestable),
739,2,2,0,0,0,76.13951593180397,E (Capacidad),
740,2,2,0,0,0,76.13951593180397,E (Capacidad),
741,3,3,0,0,0,114.20927389770596,F (Colapso),
742,3,3,0,0,0,114.20927389770596,F (Colapso),
743,4,4,0,0,0,152.27903186360794,F (Colapso),
744,3,3,0,0,0,114.20927389770596,F (Colapso),⚠️ STOP ID:370
745,3,3,0,0,0,114.20927389770596,F (Colapso),⚠️ STOP ID:370
746,3,3,0,0,0,114.20927389770596,F (Colapso),⚠️ STOP ID:370
747,3,3,0,0,0,114.20927389770596,F (Colapso),⚠️ STOP ID:370
748,3,3,0,0,0,114.20927389770596,F (Colapso),
749,2,2,0,0,0,76.13951593180397,E (Capacidad),⚠️ STOP ID:370
750,2,2,0,0,0,76.13951593180397,E (Capacidad),
751,2,2,0,0,0,76.13951593180397,E (Capacidad),
752,3,3,0,0,0,114.20927389770596,F (Colapso),
753,1,1,0,0,0,38.069757965901985,D (Inestable),
754,3,3,0,0,0,114.20927389770596,F (Colapso),
755,2,2,0,0,0,76.13951593180397,E (Capacidad),
756,3,3,0,0,0,114.20927389770596,F (Colapso),
757,3,3,0,0,0,114.20927389770596,F (Colapso),
758,4,3,0,0,1,152.27903186360794,F (Colapso),
759,3,3,0,0,0,114.20927389770596,F (Colapso),"⚠️ STOP ID:313, ⚠️ STOP ID:370"
760,3,3,0,0,0,114.20927389770596,F (Colapso),⚠️ STOP ID:313
761,3,3,0,0,0,114.20927389770596,F (Colapso),"⚠️ STOP ID:313, ⚠️ STOP ID:370"
762,2,2,0,0,0,76.13951593180397,E (Capacidad),⚠️ STOP ID:313
763,2,2,0,0,0,76.13951593180397,E (Capacidad),⚠️ STOP ID:313
764,3,3,0,0,0,114.20927389770596,F (Colapso),"⚠️ STOP ID:313, ⚠️ STOP ID:370"
765,3,3,0,0,0,114.20927389770596,F (Colapso),"⚠️ STOP ID:313, ⚠️ STOP ID:370"
766,2,2,0,0,0,76.13951593180397,E (Capacidad),⚠️ STOP ID:313
767,2,2,0,0,0,76.13951593180397,E (Capacidad),⚠️ STOP ID:313
768,2,2,0,0,0,76.13951593180397,E (Capacidad),⚠️ STOP ID:313
769,3,3,0,0,0,114.20927389770596,F (Colapso),⚠️ STOP ID:313
770,3,3,0,0,0,114.20927389770596,F (Colapso),⚠️ STOP ID:313
771,3,3,0,0,0,114.20927389770596,F (Colapso),"⚠️ STOP ID:313, ⚠️ STOP ID:370"
772,2,2,0,0,0,76.13951593180397,E (Capacidad),⚠️ STOP ID:313
773,2,2,0,0,0,76.13951593180397,E (Capacidad),⚠️ STOP ID:313
774,2,2,0,0,0,76.13951593180397,E (Capacidad),"⚠️ STOP ID:313, ⚠️ STOP ID:370"
775,1,1,0,0,0,38.069757965901985,D (Inestable),⚠️ STOP ID:313
776,2,1,0,0,1,76.13951593180397,E (Capacidad),"⚠️ STOP ID:434, ⚠️ STOP ID:313"
777,3,2,0,0,1,114.20927389770596,F (Colapso),"⚠️ STOP ID:434, ⚠️ STOP ID:313, ⚠️ STOP ID:370"
778,2,2,0,0,0,76.13951593180397,E (Capacidad),"⚠️ STOP ID:313, ⚠️ STOP ID:370"
779,2,1,0,0,1,76.13951593180397,E (Capacidad),"⚠️ STOP ID:434, ⚠️ STOP ID:313"
780,1,1,0,0,0,38.069757965901985,D (Inestable),⚠️ STOP ID:313
781,2,1,0,0,1,76.13951593180397,E (Capacidad),⚠️ STOP ID:313
782,2,1,0,0,1,76.13951593180397,E (Capacidad),"⚠️ STOP ID:434, ⚠️ STOP ID:313"
783,3,2,0,0,1,114.20927389770596,F (Colapso),"⚠️ STOP ID:434, ⚠️ STOP ID:313"
784,4,3,0,0,1,152.27903186360794,F (Colapso),"⚠️ STOP ID:434, ⚠️ STOP ID:313"
785,3,2,0,0,1,114.20927389770596,F (Colapso),"⚠️ STOP ID:434, ⚠️ STOP ID:313"
786,3,2,0,0,1,114.20927389770596,F (Colapso),⚠️ STOP ID:313
787,4,3,0,0,1,152.27903186360794,F (Colapso),"⚠️ STOP ID:434, ⚠️ STOP ID:313"
788,2,2,0,0,0,76.13951593180397,E (Capacidad),⚠️ STOP ID:370
789,2,1,0,0,1,76.13951593180397,E (Capacidad),"⚠️ STOP ID:434, ⚠️ STOP ID:313"
790,1,1,0,0,0,38.069757965901985,D (Inestable),⚠️ STOP ID:313
791,1,1,0,0,0,38.069757965901985,D (Inestable),⚠️ STOP ID:313
792,1,1,0,0,0,38.069757965901985,D (Inestable),⚠️ STOP ID:313
793,2,1,0,0,1,76.13951593180397,E (Capacidad),"⚠️ STOP ID:434, ⚠️ STOP ID:313"
794,2,2,0,0,0,76.13951593180397,E (Capacidad),"⚠️ STOP ID:313, ⚠️ STOP ID:370"
795,3,2,0,0,1,114.20927389770596,F (Colapso),"⚠️ STOP ID:434, ⚠️ STOP ID:313, ⚠️ STOP ID:370"
796,1,1,0,0,0,38.069757965901985,D (Inestable),⚠️ STOP ID:313
797,0,0,0,0,0,0.0,A (Fluido),
798,2,1,0,0,1,76.13951593180397,E (Capacidad),"⚠️ STOP ID:434, ⚠️ STOP ID:313"
799,1,1,0,0,0,38.069757965901985,D (Inestable),⚠️ STOP ID:313
800,1,1,0,0,0,38.069757965901985,D (Inestable),⚠️ STOP ID:313
801,2,2,0,0,0,76.13951593180397,E (Capacidad),⚠️ STOP ID:313
802,2,2,0,0,0,76.13951593180397,E (Capacidad),
803,2,2,0,0,0,76.13951593180397,E (Capacidad),
804,2,2,0,0,0,76.13951593180397,E (Capacidad),⚠️ STOP ID:370
805,2,2,0,0,0,76.13951593180397,E (Capacidad),⚠️ STOP ID:370
806,2,2,0,0,0,76.13951593180397,E (Capacidad),
807,2,2,0,0,0,76.13951593180397,E (Capacidad),
808,3,3,0,0,0,114.20927389770596,F (Colapso),
809,3,3,0,0,0,114.20927389770596,F (Colapso),
810,3,3,0,0,0,114.20927389770596,F (Colapso),
811,4,3,0,0,1,152.27903186360794,F (Colapso),⚠️ STOP ID:434
812,3,3,0,0,0,114.20927389770596,F (Colapso),
813,3,3,0,0,0,114.20927389770596,F (Colapso),
814,2,2,0,0,0,76.13951593180397,E (Capacidad),
815,3,3,0,0,0,114.20927389770596,F (Colapso),⚠️ STOP ID:313
816,3,3,0,0,0,114.20927389770596,F (Colapso),
817,3,3,0,0,0,114.20927389770596,F (Colapso),⚠️ STOP ID:313
818,2,2,0,0,0,76.13951593180397,E (Capacidad),⚠️ STOP ID:370
819,2,2,0,0,0,76.13951593180397,E (Capacidad),⚠️ STOP ID:370
820,3,3,0,0,0,114.20927389770596,F (Colapso),⚠️ STOP ID:370
821,2,2,0,0,0,76.13951593180397,E (Capacidad),"⚠️ STOP ID:313, ⚠️ STOP ID:370"
822,1,1,0,0,0,38.069757965901985,D (Inestable),⚠️ STOP ID:313
823,4,3,0,0,1,152.27903186360794,F (Colapso),⚠️ STOP ID:313
824,3,3,0,0,0,114.20927389770596,F (Colapso),"⚠️ STOP ID:669, ⚠️ STOP ID:313"
825,4,3,0,0,1,152.27903186360794,F (Colapso),"⚠️ STOP ID:669, ⚠️ STOP ID:313, ⚠️ STOP ID:370"
826,3,3,0,0,0,114.20927389770596,F (Colapso),"⚠️ STOP ID:669, ⚠️ STOP ID:313, ⚠️ STOP ID:370"
827,3,3,0,0,0,114.20927389770596,F (Colapso),"⚠️ STOP ID:669, ⚠️ STOP ID:313, ⚠️ STOP ID:370"
828,3,3,0,0,0,114.20927389770596,F (Colapso),"⚠️ STOP ID:669, ⚠️ STOP ID:313, ⚠️ STOP ID:370"
829,2,1,0,0,1,76.13951593180397,E (Capacidad),⚠️ STOP ID:313
830,1,1,0,0,0,38.069757965901985,D (Inestable),⚠️ STOP ID:313
831,2,1,0,0,1,76.13951593180397,E (Capacidad),"⚠️ STOP ID:434, ⚠️ STOP ID:313"
832,2,2,0,0,0,76.13951593180397,E (Capacidad),⚠️ STOP ID:313
833,4,4,0,0,0,152.27903186360794,F (Colapso),"⚠️ STOP ID:669, ⚠️ STOP ID:313"
834,3,3,0,0,0,114.20927389770596,F (Colapso),"⚠️ STOP ID:313, ⚠️ STOP ID:370"
835,4,3,0,0,1,152.27903186360794,F (Colapso),"⚠️ STOP ID:434, ⚠️ STOP ID:313, ⚠️ STOP ID:370"
836,3,3,0,0,0,114.20927389770596,F (Colapso),"⚠️ STOP ID:313, ⚠️ STOP ID:370"
837,1,1,0,0,0,38.069757965901985,D (Inestable),⚠️ STOP ID:313
838,4,3,0,0,1,152.27903186360794,F (Colapso),"⚠️ STOP ID:434, ⚠️ STOP ID:313, ⚠️ STOP ID:370"
839,5,4,0,0,1,190.3487898295099,F (Colapso),"⚠️ STOP ID:669, ⚠️ STOP ID:434, ⚠️ STOP ID:313, ⚠️ STOP ID:370"
840,4,4,0,0,0,152.27903186360794,F (Colapso),"⚠️ STOP ID:669, ⚠️ STOP ID:313, ⚠️ STOP ID:370"
841,4,4,0,0,0,152.27903186360794,F (Colapso),"⚠️ STOP ID:669, ⚠️ STOP ID:313"
842,3,3,0,0,0,114.20927389770596,F (Colapso),"⚠️ STOP ID:669, ⚠️ STOP ID:313"
843,2,2,0,0,0,76.13951593180397,E (Capacidad),⚠️ STOP ID:313
844,1,1,0,0,0,38.069757965901985,D (Inestable),⚠️ STOP ID:313
845,2,1,0,0,1,76.13951593180397,E (Capacidad),
846,1,1,0,0,0,38.069757965901985,D (Inestable),
847,3,2,0,0,1,114.20927389770596,F (Colapso),⚠️ STOP ID:313
848,3,2,0,0,1,114.20927389770596,F (Colapso),⚠️ STOP ID:313
849,2,2,0,0,0,76.13951593180397,E (Capacidad),⚠️ STOP ID:313
850,3,3,0,0,0,114.20927389770596,F (Colapso),⚠️ STOP ID:313
851,3,3,0,0,0,114.20927389770596,F (Colapso),⚠️ STOP ID:313
852,2,2,0,0,0,76.13951593180397,E (Capacidad),⚠️ STOP ID:313
853,2,2,0,0,0,76.13951593180397,E (Capacidad),⚠️ STOP ID:313
854,2,2,0,0,0,76.13951593180397,E (Capacidad),⚠️ STOP ID:313
855,1,1,0,0,0,38.069757965901985,D (Inestable),⚠️ STOP ID:313
856,2,2,0,0,0,76.13951593180397,E (Capacidad),⚠️ STOP ID:313
857,1,1,0,0,0,38.069757965901985,D (Inestable),⚠️ STOP ID:313
858,2,2,0,0,0,76.13951593180397,E (Capacidad),⚠️ STOP ID:313
859,4,3,0,0,1,152.27903186360794,F (Colapso),"⚠️ STOP ID:434, ⚠️ STOP ID:313"
860,3,2,0,0,1,114.20927389770596,F (Colapso),"⚠️ STOP ID:434, ⚠️ STOP ID:313"
861,2,1,0,0,1,76.13951593180397,E (Capacidad),
862,1,1,0,0,0,38.069757965901985,D (Inestable),
863,4,4,0,0,0,152.27903186360794,F (Colapso),⚠️ STOP ID:370
864,4,4,0,0,0,152.27903186360794,F (Colapso),"⚠️ STOP ID:313, ⚠️ STOP ID:370"
865,5,4,0,0,1,190.3487898295099,F (Colapso),"⚠️ STOP ID:313, ⚠️ STOP ID:370"
866,3,2,0,0,1,114.20927389770596,F (Colapso),"⚠️ STOP ID:434, ⚠️ STOP ID:313, ⚠️ STOP ID:370"
867,2,1,0,0,1,76.13951593180397,E (Capacidad),⚠️ STOP ID:313
868,2,2,0,0,0,76.13951593180397,E (Capacidad),⚠️ STOP ID:313
869,2,2,0,0,0,76.13951593180397,E (Capacidad),"⚠️ STOP ID:313, ⚠️ STOP ID:370"
870,1,1,0,0,0,38.069757965901985,D (Inestable),⚠️ STOP ID:313
871,1,1,0,0,0,38.069757965901985,D (Inestable),⚠️ STOP ID:313
872,1,1,0,0,0,38.069757965901985,D (Inestable),⚠️ STOP ID:313
873,2,2,0,0,0,76.13951593180397,E (Capacidad),"⚠️ STOP ID:313, ⚠️ STOP ID:370"
874,1,1,0,0,0,38.069757965901985,D (Inestable),⚠️ STOP ID:313
875,1,1,0,0,0,38.069757965901985,D (Inestable),⚠️ STOP ID:313
876,4,3,0,0,1,152.27903186360794,F (Colapso),"⚠️ STOP ID:434, ⚠️ STOP ID:313"
877,3,3,0,0,0,114.20927389770596,F (Colapso),⚠️ STOP ID:313
878,2,2,0,0,0,76.13951593180397,E (Capacidad),"⚠️ STOP ID:313, ⚠️ STOP ID:370"
879,3,3,0,0,0,114.20927389770596,F (Colapso),"⚠️ STOP ID:813, ⚠️ STOP ID:313, ⚠️ STOP ID:370"
880,5,4,0,0,1,190.3487898295099,F (Colapso),"⚠️ STOP ID:813, ⚠️ STOP ID:434, ⚠️ STOP ID:313, ⚠️ STOP ID:370"
881,5,4,0,0,1,190.3487898295099,F (Colapso),"⚠️ STOP ID:813, ⚠️ STOP ID:434, ⚠️ STOP ID:313, ⚠️ STOP ID:370"
882,5,4,0,0,1,190.3487898295099,F (Colapso),"⚠️ STOP ID:813, ⚠️ STOP ID:434, ⚠️ STOP ID:313, ⚠️ STOP ID:370"
883,3,2,0,0,1,114.20927389770596,F (Colapso),"⚠️ STOP ID:434, ⚠️ STOP ID:313, ⚠️ STOP ID:370"
884,1,1,0,0,0,38.069757965901985,D (Inestable),⚠️ STOP ID:313
885,5,4,0,0,1,190.3487898295099,F (Colapso),"⚠️ STOP ID:434, ⚠️ STOP ID:313"
886,4,3,0,0,1,152.27903186360794,F (Colapso),"⚠️ STOP ID:434, ⚠️ STOP ID:313"
887,3,2,0,0,1,114.20927389770596,F (Colapso),"⚠️ STOP ID:434, ⚠️ STOP ID:313"
888,1,1,0,0,0,38.069757965901985,D (Inestable),⚠️ STOP ID:313
889,1,1,0,0,0,38.069757965901985,D (Inestable),⚠️ STOP ID:313
890,3,2,0,0,1,114.20927389770596,F (Colapso),"⚠️ STOP ID:434, ⚠️ STOP ID:313"
891,1,1,0,0,0,38.069757965901985,D (Inestable),⚠️ STOP ID:313
892,2,1,0,0,1,76.13951593180397,E (Capacidad),"⚠️ STOP ID:434, ⚠️ STOP ID:313"
893,2,1,0,0,1,76.13951593180397,E (Capacidad),"⚠️ STOP ID:434, ⚠️ STOP ID:313"
894,2,1,0,0,1,76.13951593180397,E (Capacidad),"⚠️ STOP ID:434, ⚠️ STOP ID:313"
895,1,1,0,0,0,38.069757965901985,D (Inestable),⚠️ STOP ID:313
896,2,2,0,0,0,76.13951593180397,E (Capacidad),"⚠️ STOP ID:313, ⚠️ STOP ID:370"
897,2,2,0,0,0,76.13951593180397,E (Capacidad),"⚠️ STOP ID:313, ⚠️ STOP ID:370"
898,3,2,0,0,1,114.20927389770596,F (Colapso),"⚠️ STOP ID:313, ⚠️ STOP ID:370"
899,2,2,0,0,0,76.13951593180397,E (Capacidad),"⚠️ STOP ID:313, ⚠️ STOP ID:370"
900,2,2,0,0,0,76.13951593180397,E (Capacidad),"⚠️ STOP ID:313, ⚠️ STOP ID:370"
901,2,2,0,0,0,76.13951593180397,E (Capacidad),"⚠️ STOP ID:813, ⚠️ STOP ID:313"
902,2,2,0,0,0,76.13951593180397,E (Capacidad),"⚠️ STOP ID:813, ⚠️ STOP ID:313"
903,3,3,0,0,0,114.20927389770596,F (Colapso),"⚠️ STOP ID:813, ⚠️ STOP ID:313"
904,3,3,0,0,0,114.20927389770596,F (Colapso),"⚠️ STOP ID:813, ⚠️ STOP ID:313"
905,2,2,0,0,0,76.13951593180397,E (Capacidad),"⚠️ STOP ID:813, ⚠️ STOP ID:313"
906,1,1,0,0,0,38.069757965901985,D (Inestable),⚠️ STOP ID:313
907,2,2,0,0,0,76.13951593180397,E (Capacidad),"⚠️ STOP ID:813, ⚠️ STOP ID:313"
908,2,2,0,0,0,76.13951593180397,E (Capacidad),"⚠️ STOP ID:813, ⚠️ STOP ID:313"
909,2,2,0,0,0,76.13951593180397,E (Capacidad),"⚠️ STOP ID:813, ⚠️ STOP ID:313"
910,3,3,0,0,0,114.20927389770596,F (Colapso),"⚠️ STOP ID:813, ⚠️ STOP ID:313, ⚠️ STOP ID:370"
911,2,2,0,0,0,76.13951593180397,E (Capacidad),"⚠️ STOP ID:313, ⚠️ STOP ID:370"
912,2,2,0,0,0,76.13951593180397,E (Capacidad),"⚠️ STOP ID:813, ⚠️ STOP ID:313"
913,2,2,0,0,0,76.13951593180397,E (Capacidad),⚠️ STOP ID:313
914,2,2,0,0,0,76.13951593180397,E (Capacidad),"⚠️ STOP ID:313, ⚠️ STOP ID:370"
915,4,3,0,0,1,152.27903186360794,F (Colapso),"⚠️ STOP ID:313, ⚠️ STOP ID:370"
916,3,2,0,0,1,114.20927389770596,F (Colapso),"⚠️ STOP ID:813, ⚠️ STOP ID:434, ⚠️ STOP ID:313"
917,0,0,0,0,0,0.0,A (Fluido),
918,1,1,0,0,0,38.069757965901985,D (Inestable),⚠️ STOP ID:313
919,0,0,0,0,0,0.0,A (Fluido),
920,0,0,0,0,0,0.0,A (Fluido),
921,1,1,0,0,0,38.069757965901985,D (Inestable),⚠️ STOP ID:313
922,2,1,0,0,1,76.13951593180397,E (Capacidad),"⚠️ STOP ID:434, ⚠️ STOP ID:313"
923,1,0,0,0,1,38.069757965901985,D (Inestable),
924,4,3,0,0,1,152.27903186360794,F (Colapso),"⚠️ STOP ID:813, ⚠️ STOP ID:313, ⚠️ STOP ID:370"
925,2,1,0,0,1,76.13951593180397,E (Capacidad),⚠️ STOP ID:313
926,3,2,0,0,1,114.20927389770596,F (Colapso),⚠️ STOP ID:370
927,2,2,0,0,0,76.13951593180397,E (Capacidad),⚠️ STOP ID:370
928,3,2,0,0,1,114.20927389770596,F (Colapso),⚠️ STOP ID:370
929,3,2,0,0,1,114.20927389770596,F (Colapso),"⚠️ STOP ID:434, ⚠️ STOP ID:313"
930,2,2,0,0,0,76.13951593180397,E (Capacidad),"⚠️ STOP ID:313, ⚠️ STOP ID:370"
931,2,2,0,0,0,76.13951593180397,E (Capacidad),"⚠️ STOP ID:313, ⚠️ STOP ID:370"
932,2,2,0,0,0,76.13951593180397,E (Capacidad),"⚠️ STOP ID:313, ⚠️ STOP ID:370"
933,2,2,0,0,0,76.13951593180397,E (Capacidad),"⚠️ STOP ID:313, ⚠️ STOP ID:370"
934,2,2,0,0,0,76.13951593180397,E (Capacidad),"⚠️ STOP ID:313, ⚠️ STOP ID:370"
935,1,1,0,0,0,38.069757965901985,D (Inestable),⚠️ STOP ID:313
936,1,1,0,0,0,38.069757965901985,D (Inestable),⚠️ STOP ID:313
937,2,1,0,0,1,76.13951593180397,E (Capacidad),⚠️ STOP ID:434
938,2,2,0,0,0,76.13951593180397,E (Capacidad),"⚠️ STOP ID:313, ⚠️ STOP ID:370"
939,1,1,0,0,0,38.069757965901985,D (Inestable),⚠️ STOP ID:313
940,1,1,0,0,0,38.069757965901985,D (Inestable),⚠️ STOP ID:313
941,1,1,0,0,0,38.069757965901985,D (Inestable),⚠️ STOP ID:313
942,1,1,0,0,0,38.069757965901985,D (Inestable),
943,2,1,0,0,1,76.13951593180397,E (Capacidad),
944,1,0,0,0,1,38.069757965901985,D (Inestable),⚠️ STOP ID:434
945,2,1,0,0,1,76.13951593180397,E (Capacidad),"⚠️ STOP ID:434, ⚠️ STOP ID:313"
946,2,1,0,0,1,76.13951593180397,E (Capacidad),"⚠️ STOP ID:434, ⚠️ STOP ID:313"
947,1,1,0,0,0,38.069757965901985,D (Inestable),⚠️ STOP ID:313
948,2,1,0,0,1,76.13951593180397,E (Capacidad),"⚠️ STOP ID:434, ⚠️ STOP ID:313"
949,1,0,0,0,1,38.069757965901985,D (Inestable),⚠️ STOP ID:434
950,1,0,0,0,1,38.069757965901985,D (Inestable),⚠️ STOP ID:434
951,1,0,0,0,1,38.069757965901985,D (Inestable),⚠️ STOP ID:434
952,0,0,0,0,0,0.0,A (Fluido),
953,2,1,0,0,1,76.13951593180397,E (Capacidad),"⚠️ STOP ID:434, ⚠️ STOP ID:313"
954,1,1,0,0,0,38.069757965901985,D (Inestable),⚠️ STOP ID:313
955,4,3,0,0,1,152.27903186360794,F (Colapso),"⚠️ STOP ID:813, ⚠️ STOP ID:434, ⚠️ STOP ID:313, ⚠️ STOP ID:370"
956,4,3,0,0,1,152.27903186360794,F (Colapso),"⚠️ STOP ID:813, ⚠️ STOP ID:313"
957,5,4,0,0,1,190.3487898295099,F (Colapso),"⚠️ STOP ID:813, ⚠️ STOP ID:313, ⚠️ STOP ID:370"
958,5,4,0,0,1,190.3487898295099,F (Colapso),"⚠️ STOP ID:813, ⚠️ STOP ID:313, ⚠️ STOP ID:370"
959,5,4,0,0,1,190.3487898295099,F (Colapso),"⚠️ STOP ID:669, ⚠️ STOP ID:813, ⚠️ STOP ID:434, ⚠️ STOP ID:370"
960,3,3,0,0,0,114.20927389770596,F (Colapso),⚠️ STOP ID:370
961,3,3,0,0,0,114.20927389770596,F (Colapso),"⚠️ STOP ID:813, ⚠️ STOP ID:370"
962,1,1,0,0,0,38.069757965901985,D (Inestable),
963,1,1,0,0,0,38.069757965901985,D (Inestable),
964,2,2,0,0,0,76.13951593180397,E (Capacidad),"⚠️ STOP ID:313, ⚠️ STOP ID:370"
965,2,2,0,0,0,76.13951593180397,E (Capacidad),⚠️ STOP ID:313
966,1,1,0,0,0,38.069757965901985,D (Inestable),
967,1,1,0,0,0,38.069757965901985,D (Inestable),
968,2,1,0,0,1,76.13951593180397,E (Capacidad),⚠️ STOP ID:434
969,2,2,0,0,0,76.13951593180397,E (Capacidad),
970,1,1,0,0,0,38.069757965901985,D (Inestable),
971,2,2,0,0,0,76.13951593180397,E (Capacidad),⚠️ STOP ID:370
972,2,2,0,0,0,76.13951593180397,E (Capacidad),
973,0,0,0,0,0,0.0,A (Fluido),
974,1,1,0,0,0,38.069757965901985,D (Inestable),
975,1,1,0,0,0,38.069757965901985,D (Inestable),
976,2,2,0,0,0,76.13951593180397,E (Capacidad),
977,2,2,0,0,0,76.13951593180397,E (Capacidad),
978,1,1,0,0,0,38.069757965901985,D (Inestable),
979,1,1,0,0,0,38.069757965901985,D (Inestable),
980,1,1,0,0,0,38.069757965901985,D (Inestable),
981,1,1,0,0,0,38.069757965901985,D (Inestable),
982,1,1,0,0,0,38.069757965901985,D (Inestable),
983,0,0,0,0,0,0.0,A (Fluido),
984,0,0,0,0,0,0.0,A (Fluido),
985,1,1,0,0,0,38.069757965901985,D (Inestable),
986,1,1,0,0,0,38.069757965901985,D (Inestable),
987,1,1,0,0,0,38.069757965901985,D (Inestable),
988,1,1,0,0,0,38.069757965901985,D (Inestable),
989,1,1,0,0,0,38.069757965901985,D (Inestable),
990,1,1,0,0,0,38.069757965901985,D (Inestable),
991,2,2,0,0,0,76.13951593180397,E (Capacidad),
992,1,1,0,0,0,38.069757965901985,D (Inestable),
993,0,0,0,0,0,0.0,A (Fluido),
994,1,1,0,0,0,38.069757965901985,D (Inestable),
995,0,0,0,0,0,0.0,A (Fluido),
996,1,1,0,0,0,38.069757965901985,D (Inestable),
997,2,2,0,0,0,76.13951593180397,E (Capacidad),
998,1,1,0,0,0,38.069757965901985,D (Inestable),
999,2,2,0,0,0,76.13951593180397,E (Capacidad),
1000,1,1,0,0,0,38.069757965901985,D (Inestable),
1001,0,0,0,0,0,0.0,A (Fluido),
1002,0,0,0,0,0,0.0,A (Fluido),
1003,0,0,0,0,0,0.0,A (Fluido),
1004,0,0,0,0,0,0.0,A (Fluido),
1005,0,0,0,0,0,0.0,A (Fluido),
1006,0,0,0,0,0,0.0,A (Fluido),
1007,0,0,0,0,0,0.0,A (Fluido),
1008,0,0,0,0,0,0.0,A (Fluido),
1009,1,1,0,0,0,38.069757965901985,D (Inestable),
1010,1,1,0,0,0,38.069757965901985,D (Inestable),
1011,2,2,0,0,0,76.13951593180397,E (Capacidad),
1012,0,0,0,0,0,0.0,A (Fluido),
1013,0,0,0,0,0,0.0,A (Fluido),
1014,1,1,0,0,0,38.069757965901985,D (Inestable),
1015,1,1,0,0,0,38.069757965901985,D (Inestable),
1016,1,1,0,0,0,38.069757965901985,D (Inestable),
1017,1,1,0,0,0,38.069757965901985,D (Inestable),
1018,1,1,0,0,0,38.069757965901985,D (Inestable),
1019,1,1,0,0,0,38.069757965901985,D (Inestable),
1020,1,1,0,0,0,38.069757965901985,D (Inestable),
1021,1,1,0,0,0,38.069757965901985,D (Inestable),
1022,0,0,0,0,0,0.0,A (Fluido),
1023,1,1,0,0,0,38.069757965901985,D (Inestable),
1024,1,1,0,0,0,38.069757965901985,D (Inestable),
1025,0,0,0,0,0,0.0,A (Fluido),
1026,1,1,0,0,0,38.069757965901985,D (Inestable),
1027,0,0,0,0,0,0.0,A (Fluido),
1028,0,0,0,0,0,0.0,A (Fluido),
1029,0,0,0,0,0,0.0,A (Fluido),
1030,1,1,0,0,0,38.069757965901985,D (Inestable),
1031,1,1,0,0,0,38.069757965901985,D (Inestable),
1032,0,0,0,0,0,0.0,A (Fluido),
1033,0,0,0,0,0,0.0,A (Fluido),
1034,0,0,0,0,0,0.0,A (Fluido),
1035,0,0,0,0,0,0.0,A (Fluido),
1036,1,1,0,0,0,38.069757965901985,D (Inestable),
1037,1,1,0,0,0,38.069757965901985,D (Inestable),
1038,1,1,0,0,0,38.069757965901985,D (Inestable),
1039,1,1,0,0,0,38.069757965901985,D (Inestable),
1040,1,1,0,0,0,38.069757965901985,D (Inestable),
1041,1,1,0,0,0,38.069757965901985,D (Inestable),
1042,0,0,0,0,0,0.0,A (Fluido),
1043,1,1,0,0,0,38.069757965901985,D (Inestable),⚠️ STOP ID:1024
1044,0,0,0,0,0,0.0,A (Fluido),
1045,1,1,0,0,0,38.069757965901985,D (Inestable),⚠️ STOP ID:1024
1046,1,1,0,0,0,38.069757965901985,D (Inestable),⚠️ STOP ID:1024
1047,2,2,0,0,0,76.13951593180397,E (Capacidad),⚠️ STOP ID:1024
1048,2,2,0,0,0,76.13951593180397,E (Capacidad),
1049,2,2,0,0,0,76.13951593180397,E (Capacidad),
1050,2,2,0,0,0,76.13951593180397,E (Capacidad),
1051,0,0,0,0,0,0.0,A (Fluido),
1052,0,0,0,0,0,0.0,A (Fluido),
1053,0,0,0,0,0,0.0,A (Fluido),
1054,0,0,0,0,0,0.0,A (Fluido),
1055,0,0,0,0,0,0.0,A (Fluido),
1056,0,0,0,0,0,0.0,A (Fluido),
1057,1,1,0,0,0,38.069757965901985,D (Inestable),
1058,1,1,0,0,0,38.069757965901985,D (Inestable),
1059,2,2,0,0,0,76.13951593180397,E (Capacidad),
1060,1,1,0,0,0,38.069757965901985,D (Inestable),⚠️ STOP ID:1024
1061,2,2,0,0,0,76.13951593180397,E (Capacidad),
1062,2,2,0,0,0,76.13951593180397,E (Capacidad),⚠️ STOP ID:1024
1063,1,1,0,0,0,38.069757965901985,D (Inestable),⚠️ STOP ID:1024
1064,1,1,0,0,0,38.069757965901985,D (Inestable),
1065,1,1,0,0,0,38.069757965901985,D (Inestable),
1066,2,2,0,0,0,76.13951593180397,E (Capacidad),⚠️ STOP ID:1024
1067,2,2,0,0,0,76.13951593180397,E (Capacidad),⚠️ STOP ID:1024
1068,2,2,0,0,0,76.13951593180397,E (Capacidad),⚠️ STOP ID:1024
1069,2,2,0,0,0,76.13951593180397,E (Capacidad),⚠️ STOP ID:1024
1070,1,1,0,0,0,38.069757965901985,D (Inestable),⚠️ STOP ID:1024
1071,1,1,0,0,0,38.069757965901985,D (Inestable),⚠️ STOP ID:1024
1072,1,1,0,0,0,38.069757965901985,D (Inestable),⚠️ STOP ID:1024
1073,1,1,0,0,0,38.069757965901985,D (Inestable),⚠️ STOP ID:1024
1074,2,2,0,0,0,76.13951593180397,E (Capacidad),⚠️ STOP ID:1024
1075,2,2,0,0,0,76.13951593180397,E (Capacidad),⚠️ STOP ID:1024
1076,2,2,0,0,0,76.13951593180397,E (Capacidad),⚠️ STOP ID:1024
1077,1,1,0,0,0,38.069757965901985,D (Inestable),
1078,1,1,0,0,0,38.069757965901985,D (Inestable),
1079,1,1,0,0,0,38.069757965901985,D (Inestable),⚠️ STOP ID:1024
1080,1,1,0,0,0,38.069757965901985,D (Inestable),
1081,1,1,0,0,0,38.069757965901985,D (Inestable),
1082,1,1,0,0,0,38.069757965901985,D (Inestable),
1083,1,1,0,0,0,38.069757965901985,D (Inestable),
1084,0,0,0,0,0,0.0,A (Fluido),
1085,1,1,0,0,0,38.069757965901985,D (Inestable),⚠️ STOP ID:1024
1086,0,0,0,0,0,0.0,A (Fluido),
1087,1,1,0,0,0,38.069757965901985,D (Inestable),⚠️ STOP ID:1024
1088,1,1,0,0,0,38.069757965901985,D (Inestable),⚠️ STOP ID:1024
1089,1,1,0,0,0,38.069757965901985,D (Inestable),⚠️ STOP ID:1024
1090,1,1,0,0,0,38.069757965901985,D (Inestable),⚠️ STOP ID:1024
1091,1,1,0,0,0,38.069757965901985,D (Inestable),
1092,1,1,0,0,0,38.069757965901985,D (Inestable),
1093,0,0,0,0,0,0.0,A (Fluido),
1094,1,1,0,0,0,38.069757965901985,D (Inestable),
1095,0,0,0,0,0,0.0,A (Fluido),
1096,3,3,0,0,0,114.20927389770596,F (Colapso),⚠️ STOP ID:1024
1097,2,2,0,0,0,76.13951593180397,E (Capacidad),⚠️ STOP ID:1024
1098,2,2,0,0,0,76.13951593180397,E (Capacidad),⚠️ STOP ID:1024
1099,1,1,0,0,0,38.069757965901985,D (Inestable),⚠️ STOP ID:1024
1100,1,1,0,0,0,38.069757965901985,D (Inestable),⚠️ STOP ID:1024
1101,2,2,0,0,0,76.13951593180397,E (Capacidad),
1102,2,2,0,0,0,76.13951593180397,E (Capacidad),⚠️ STOP ID:1024
1103,2,2,0,0,0,76.13951593180397,E (Capacidad),⚠️ STOP ID:1024
1104,2,2,0,0,0,76.13951593180397,E (Capacidad),⚠️ STOP ID:1024
1105,1,1,0,0,0,38.069757965901985,D (Inestable),
1106,0,0,0,0,0,0.0,A (Fluido),
1107,1,1,0,0,0,38.069757965901985,D (Inestable),⚠️ STOP ID:1024
1108,1,1,0,0,0,38.069757965901985,D (Inestable),⚠️ STOP ID:1024
1109,1,1,0,0,0,38.069757965901985,D (Inestable),⚠️ STOP ID:1024
1110,1,1,0,0,0,38.069757965901985,D (Inestable),⚠️ STOP ID:1024
1111,1,1,0,0,0,38.069757965901985,D (Inestable),⚠️ STOP ID:1024
1112,1,1,0,0,0,38.069757965901985,D (Inestable),⚠️ STOP ID:1024
1113,1,1,0,0,0,38.069757965901985,D (Inestable),⚠️ STOP ID:1024
1114,0,0,0,0,0,0.0,A (Fluido),
1115,0,0,0,0,0,0.0,A (Fluido),
1116,0,0,0,0,0,0.0,A (Fluido),
1117,0,0,0,0,0,0.0,A (Fluido),
1118,0,0,0,0,0,0.0,A (Fluido),
1119,0,0,0,0,0,0.0,A (Fluido),
1120,0,0,0,0,0,0.0,A (Fluido),
1121,0,0,0,0,0,0.0,A (Fluido),
1122,0,0,0,0,0,0.0,A (Fluido),
1123,0,0,0,0,0,0.0,A (Fluido),
1124,1,1,0,0,0,38.069757965901985,D (Inestable),⚠️ STOP ID:1024
1125,1,1,0,0,0,38.069757965901985,D (Inestable),⚠️ STOP ID:1024
1126,1,1,0,0,0,38.069757965901985,D (Inestable),⚠️ STOP ID:1024
1127,1,1,0,0,0,38.069757965901985,D (Inestable),⚠️ STOP ID:1024
1128,1,1,0,0,0,38.069757965901985,D (Inestable),⚠️ STOP ID:1024
1129,1,1,0,0,0,38.069757965901985,D (Inestable),⚠️ STOP ID:1024
1130,1,1,0,0,0,38.069757965901985,D (Inestable),⚠️ STOP ID:1024
1131,0,0,0,0,0,0.0,A (Fluido),
1132,0,0,0,0,0,0.0,A (Fluido),
1133,0,0,0,0,0,0.0,A (Fluido),
1134,0,0,0,0,0,0.0,A (Fluido),
1135,0,0,0,0,0,0.0,A (Fluido),
1136,0,0,0,0,0,0.0,A (Fluido),
1137,0,0,0,0,0,0.0,A (Fluido),
1138,1,1,0,0,0,38.069757965901985,D (Inestable),
1139,2,2,0,0,0,76.13951593180397,E (Capacidad),
1140,0,0,0,0,0,0.0,A (Fluido),
1141,0,0,0,0,0,0.0,A (Fluido),
1142,0,0,0,0,0,0.0,A (Fluido),
1143,0,0,0,0,0,0.0,A (Fluido),
1144,0,0,0,0,0,0.0,A (Fluido),
1145,0,0,0,0,0,0.0,A (Fluido),
1146,0,0,0,0,0,0.0,A (Fluido),
1147,1,1,0,0,0,38.069757965901985,D (Inestable),
1148,1,1,0,0,0,38.069757965901985,D (Inestable),
1149,1,1,0,0,0,38.069757965901985,D (Inestable),
1150,0,0,0,0,0,0.0,A (Fluido),
1151,2,2,0,0,0,76.13951593180397,E (Capacidad),
1152,1,1,0,0,0,38.069757965901985,D (Inestable),
1153,1,1,0,0,0,38.069757965901985,D (Inestable),
1154,2,2,0,0,0,76.13951593180397,E (Capacidad),
1155,2,2,0,0,0,76.13951593180397,E (Capacidad),
1156,3,3,0,0,0,114.20927389770596,F (Colapso),
1157,2,2,0,0,0,76.13951593180397,E (Capacidad),
1158,3,3,0,0,0,114.20927389770596,F (Colapso),
1159,2,2,0,0,0,76.13951593180397,E (Capacidad),
1160,3,3,0,0,0,114.20927389770596,F (Colapso),
1161,4,4,0,0,0,152.27903186360794,F (Colapso),
1162,4,4,0,0,0,152.27903186360794,F (Colapso),
1163,2,2,0,0,0,76.13951593180397,E (Capacidad),
1164,2,2,0,0,0,76.13951593180397,E (Capacidad),
1165,2,2,0,0,0,76.13951593180397,E (Capacidad),
1166,1,1,0,0,0,38.069757965901985,D (Inestable),
1167,1,1,0,0,0,38.069757965901985,D (Inestable),
1168,0,0,0,0,0,0.0,A (Fluido),
1169,1,1,0,0,0,38.069757965901985,D (Inestable),
1170,0,0,0,0,0,0.0,A (Fluido),
1171,1,1,0,0,0,38.069757965901985,D (Inestable),
1172,1,1,0,0,0,38.069757965901985,D (Inestable),
1173,1,1,0,0,0,38.069757965901985,D (Inestable),
1174,2,2,0,0,0,76.13951593180397,E (Capacidad),
1175,1,1,0,0,0,38.069757965901985,D (Inestable),
1176,0,0,0,0,0,0.0,A (Fluido),
1177,1,1,0,0,0,38.069757965901985,D (Inestable),
1178,1,1,0,0,0,38.069757965901985,D (Inestable),
1179,1,1,0,0,0,38.069757965901985,D (Inestable),
1180,1,1,0,0,0,38.069757965901985,D (Inestable),
1181,1,1,0,0,0,38.069757965901985,D (Inestable),
1182,1,1,0,0,0,38.069757965901985,D (Inestable),
1183,2,1,0,0,1,76.13951593180397,E (Capacidad),
1184,2,1,0,0,1,76.13951593180397,E (Capacidad),
1185,1,1,0,0,0,38.069757965901985,D (Inestable),
1186,1,1,0,0,0,38.069757965901985,D (Inestable),
1187,2,2,0,0,0,76.13951593180397,E (Capacidad),
1188,1,1,0,0,0,38.069757965901985,D (Inestable),
1189,1,1,0,0,0,38.069757965901985,D (Inestable),
1190,1,1,0,0,0,38.069757965901985,D (Inestable),
1191,1,1,0,0,0,38.069757965901985,D (Inestable),
1192,1,1,0,0,0,38.069757965901985,D (Inestable),
1193,1,1,0,0,0,38.069757965901985,D (Inestable),
1194,1,1,0,0,0,38.069757965901985,D (Inestable),
1195,1,1,0,0,0,38.069757965901985,D (Inestable),
1196,1,1,0,0,0,38.069757965901985,D (Inestable),
1197,1,1,0,0,0,38.069757965901985,D (Inestable),
1198,1,1,0,0,0,38.069757965901985,D (Inestable),
1199,1,1,0,0,0,38.069757965901985,D (Inestable),
1200,1,1,0,0,0,38.069757965901985,D (Inestable),
1201,2,2,0,0,0,76.13951593180397,E (Capacidad),
1202,2,2,0,0,0,76.13951593180397,E (Capacidad),
1203,1,1,0,0,0,38.069757965901985,D (Inestable),
1204,1,1,0,0,0,38.069757965901985,D (Inestable),
1205,1,1,0,0,0,38.069757965901985,D (Inestable),
1206,1,1,0,0,0,38.069757965901985,D (Inestable),
1207,2,2,0,0,0,76.13951593180397,E (Capacidad),
1208,2,2,0,0,0,76.13951593180397,E (Capacidad),
1209,3,2,0,0,1,114.20927389770596,F (Colapso),
1210,2,2,0,0,0,76.13951593180397,E (Capacidad),
1211,2,2,0,0,0,76.13951593180397,E (Capacidad),
1212,1,1,0,0,0,38.069757965901985,D (Inestable),
1213,1,1,0,0,0,38.069757965901985,D (Inestable),
1214,1,1,0,0,0,38.069757965901985,D (Inestable),
1215,2,1,0,0,1,76.13951593180397,E (Capacidad),
1216,1,1,0,0,0,38.069757965901985,D (Inestable),
1217,0,0,0,0,0,0.0,A (Fluido),
1218,0,0,0,0,0,0.0,A (Fluido),
1219,0,0,0,0,0,0.0,A (Fluido),
1220,0,0,0,0,0,0.0,A (Fluido),
1221,0,0,0,0,0,0.0,A (Fluido),
1222,0,0,0,0,0,0.0,A (Fluido),
1223,0,0,0,0,0,0.0,A (Fluido),
1224,0,0,0,0,0,0.0,A (Fluido),
1225,0,0,0,0,0,0.0,A (Fluido),
1226,0,0,0,0,0,0.0,A (Fluido),
1227,0,0,0,0,0,0.0,A (Fluido),
1228,0,0,0,0,0,0.0,A (Fluido),
1229,0,0,0,0,0,0.0,A (Fluido),
1230,0,0,0,0,0,0.0,A (Fluido),
1231,1,1,0,0,0,38.069757965901985,D (Inestable),
1232,1,1,0,0,0,38.069757965901985,D (Inestable),
1233,0,0,0,0,0,0.0,A (Fluido),
1234,0,0,0,0,0,0.0,A (Fluido),
1235,0,0,0,0,0,0.0,A (Fluido),
1236,0,0,0,0,0,0.0,A (Fluido),
1237,0,0,0,0,0,0.0,A (Fluido),
1238,0,0,0,0,0,0.0,A (Fluido),
1239,0,0,0,0,0,0.0,A (Fluido),
1240,0,0,0,0,0,0.0,A (Fluido),
1241,0,0,0,0,0,0.0,A (Fluido),
1242,0,0,0,0,0,0.0,A (Fluido),
1243,0,0,0,0,0,0.0,A (Fluido),
1244,0,0,0,0,0,0.0,A (Fluido),
1245,0,0,0,0,0,0.0,A (Fluido),
1246,0,0,0,0,0,0.0,A (Fluido),
1247,0,0,0,0,0,0.0,A (Fluido),
1248,0,0,0,0,0,0.0,A (Fluido),
1249,0,0,0,0,0,0.0,A (Fluido),
1250,0,0,0,0,0,0.0,A (Fluido),
1251,0,0,0,0,0,0.0,A (Fluido),
1252,0,0,0,0,0,0.0,A (Fluido),
1253,0,0,0,0,0,0.0,A (Fluido),
1254,1,1,0,0,0,38.069757965901985,D (Inestable),
1255,1,1,0,0,0,38.069757965901985,D (Inestable),
1256,0,0,0,0,0,0.0,A (Fluido),
1257,0,0,0,0,0,0.0,A (Fluido),
1258,0,0,0,0,0,0.0,A (Fluido),
1259,0,0,0,0,0,0.0,A (Fluido),
1260,0,0,0,0,0,0.0,A (Fluido),
1261,0,0,0,0,0,0.0,A (Fluido),
1262,0,0,0,0,0,0.0,A (Fluido),
1263,0,0,0,0,0,0.0,A (Fluido),
1264,0,0,0,0,0,0.0,A (Fluido),
1265,0,0,0,0,0,0.0,A (Fluido),
1266,1,1,0,0,0,38.069757965901985,D (Inestable),
1267,2,1,0,0,1,76.13951593180397,E (Capacidad),
1268,2,1,0,0,1,76.13951593180397,E (Capacidad),
1269,1,1,0,0,0,38.069757965901985,D (Inestable),
1270,1,1,0,0,0,38.069757965901985,D (Inestable),
1271,1,1,0,0,0,38.069757965901985,D (Inestable),
1272,1,1,0,0,0,38.069757965901985,D (Inestable),
1273,1,1,0,0,0,38.069757965901985,D (Inestable),
1274,0,0,0,0,0,0.0,A (Fluido),
1275,0,0,0,0,0,0.0,A (Fluido),
1276,0,0,0,0,0,0.0,A (Fluido),
1277,0,0,0,0,0,0.0,A (Fluido),
1278,0,0,0,0,0,0.0,A (Fluido),
1279,0,0,0,0,0,0.0,A (Fluido),
1280,0,0,0,0,0,0.0,A (Fluido),
1281,1,1,0,0,0,38.069757965901985,D (Inestable),
1282,0,0,0,0,0,0.0,A (Fluido),
1283,0,0,0,0,0,0.0,A (Fluido),
1284,0,0,0,0,0,0.0,A (Fluido),
1285,0,0,0,0,0,0.0,A (Fluido),
1286,0,0,0,0,0,0.0,A (Fluido),
1287,0,0,0,0,0,0.0,A (Fluido),
1288,0,0,0,0,0,0.0,A (Fluido),
1289,0,0,0,0,0,0.0,A (Fluido),
1290,0,0,0,0,0,0.0,A (Fluido),
1291,0,0,0,0,0,0.0,A (Fluido),
1292,1,0,0,0,1,38.069757965901985,D (Inestable),
1293,0,0,0,0,0,0.0,A (Fluido),
1294,1,0,0,0,1,38.069757965901985,D (Inestable),
1295,0,0,0,0,0,0.0,A (Fluido),
1296,0,0,0,0,0,0.0,A (Fluido),
1297,0,0,0,0,0,0.0,A (Fluido),
1298,0,0,0,0,0,0.0,A (Fluido),
1299,1,0,0,0,1,38.069757965901985,D (Inestable),
1300,1,0,0,0,1,38.069757965901985,D (Inestable),
1301,0,0,0,0,0,0.0,A (Fluido),
1302,0,0,0,0,0,0.0,A (Fluido),
1303,0,0,0,0,0,0.0,A (Fluido),
1304,0,0,0,0,0,0.0,A (Fluido),
1305,0,0,0,0,0,0.0,A (Fluido),
1306,0,0,0,0,0,0.0,A (Fluido),
1307,0,0,0,0,0,0.0,A (Fluido),
1308,0,0,0,0,0,0.0,A (Fluido),
1309,0,0,0,0,0,0.0,A (Fluido),
1310,0,0,0,0,0,0.0,A (Fluido),
1311,0,0,0,0,0,0.0,A (Fluido),
1312,0,0,0,0,0,0.0,A (Fluido),
1313,0,0,0,0,0,0.0,A (Fluido),
1314,0,0,0,0,0,0.0,A (Fluido),
1315,0,0,0,0,0,0.0,A (Fluido),
1316,0,0,0,0,0,0.0,A (Fluido),
1317,0,0,0,0,0,0.0,A (Fluido),
1318,0,0,0,0,0,0.0,A (Fluido),
1319,0,0,0,0,0,0.0,A (Fluido),
1320,1,0,0,0,1,38.069757965901985,D (Inestable),
1321,1,0,0,0,1,38.069757965901985,D (Inestable),
1322,1,0,0,0,1,38.069757965901985,D (Inestable),
1323,0,0,0,0,0,0.0,A (Fluido),
1324,1,0,0,0,1,38.069757965901985,D (Inestable),
1325,1,0,0,0,1,38.069757965901985,D (Inestable),
1326,1,0,0,0,1,38.069757965901985,D (Inestable),
1327,1,0,0,0,1,38.069757965901985,D (Inestable),
1328,0,0,0,0,0,0.0,A (Fluido),
1329,0,0,0,0,0,0.0,A (Fluido),
1330,0,0,0,0,0,0.0,A (Fluido),
1331,0,0,0,0,0,0.0,A (Fluido),
1332,0,0,0,0,0,0.0,A (Fluido),
1333,1,0,0,0,1,38.069757965901985,D (Inestable),
1334,0,0,0,0,0,0.0,A (Fluido),
1335,0,0,0,0,0,0.0,A (Fluido),
1336,0,0,0,0,0,0.0,A (Fluido),
1337,0,0,0,0,0,0.0,A (Fluido),
1338,0,0,0,0,0,0.0,A (Fluido),
1339,0,0,0,0,0,0.0,A (Fluido),
1340,0,0,0,0,0,0.0,A (Fluido),
1341,0,0,0,0,0,0.0,A (Fluido),
1342,0,0,0,0,0,0.0,A (Fluido),
1343,0,0,0,0,0,0.0,A (Fluido),
1344,0,0,0,0,0,0.0,A (Fluido),
1345,0,0,0,0,0,0.0,A (Fluido),
1346,0,0,0,0,0,0.0,A (Fluido),
1347,0,0,0,0,0,0.0,A (Fluido),
1348,0,0,0,0,0,0.0,A (Fluido),
1349,0,0,0,0,0,0.0,A (Fluido),
1350,0,0,0,0,0,0.0,A (Fluido),
1351,0,0,0,0,0,0.0,A (Fluido),
1352,0,0,0,0,0,0.0,A (Fluido),
1353,0,0,0,0,0,0.0,A (Fluido),
1354,1,1,0,0,0,38.069757965901985,D (Inestable),
1355,0,0,0,0,0,0.0,A (Fluido),
1356,1,1,0,0,0,38.069757965901985,D (Inestable),
1357,1,1,0,0,0,38.069757965901985,D (Inestable),
1358,1,1,0,0,0,38.069757965901985,D (Inestable),
1359,1,1,0,0,0,38.069757965901985,D (Inestable),
1360,1,1,0,0,0,38.069757965901985,D (Inestable),
1361,1,1,0,0,0,38.069757965901985,D (Inestable),
1362,1,1,0,0,0,38.069757965901985,D (Inestable),
1363,1,1,0,0,0,38.069757965901985,D (Inestable),
1364,1,1,0,0,0,38.069757965901985,D (Inestable),
1365,1,1,0,0,0,38.069757965901985,D (Inestable),
1366,2,1,0,0,1,76.13951593180397,E (Capacidad),
1367,2,1,0,0,1,76.13951593180397,E (Capacidad),
1368,1,1,0,0,0,38.069757965901985,D (Inestable),
1369,1,1,0,0,0,38.069757965901985,D (Inestable),
1370,1,1,0,0,0,38.069757965901985,D (Inestable),
1371,1,1,0,0,0,38.069757965901985,D (Inestable),
1372,0,0,0,0,0,0.0,A (Fluido),
1373,2,1,0,0,1,76.13951593180397,E (Capacidad),
1374,0,0,0,0,0,0.0,A (Fluido),
1375,0,0,0,0,0,0.0,A (Fluido),
1376,1,0,0,0,1,38.069757965901985,D (Inestable),
1377,0,0,0,0,0,0.0,A (Fluido),
1378,1,0,0,0,1,38.069757965901985,D (Inestable),
1379,0,0,0,0,0,0.0,A (Fluido),
1380,0,0,0,0,0,0.0,A (Fluido),
1381,0,0,0,0,0,0.0,A (Fluido),
1382,0,0,0,0,0,0.0,A (Fluido),
1383,0,0,0,0,0,0.0,A (Fluido),
1384,0,0,0,0,0,0.0,A (Fluido),
1385,0,0,0,0,0,0.0,A (Fluido),
1386,1,0,0,0,1,38.069757965901985,D (Inestable),⚠️ STOP ID:1256
1387,1,0,0,0,1,38.069757965901985,D (Inestable),⚠️ STOP ID:1256
1388,0,0,0,0,0,0.0,A (Fluido),
1389,1,1,0,0,0,38.069757965901985,D (Inestable),
1390,0,0,0,0,0,0.0,A (Fluido),
1391,0,0,0,0,0,0.0,A (Fluido),
1392,0,0,0,0,0,0.0,A (Fluido),
1393,0,0,0,0,0,0.0,A (Fluido),
1394,0,0,0,0,0,0.0,A (Fluido),
1395,0,0,0,0,0,0.0,A (Fluido),
1396,0,0,0,0,0,0.0,A (Fluido),
1397,1,0,0,0,1,38.069757965901985,D (Inestable),
1398,2,1,0,0,1,76.13951593180397,E (Capacidad),
1399,1,1,0,0,0,38.069757965901985,D (Inestable),
1400,1,1,0,0,0,38.069757965901985,D (Inestable),
1401,1,1,0,0,0,38.069757965901985,D (Inestable),
1402,1,1,0,0,0,38.069757965901985,D (Inestable),
1403,1,1,0,0,0,38.069757965901985,D (Inestable),
1404,1,1,0,0,0,38.069757965901985,D (Inestable),
1405,1,1,0,0,0,38.069757965901985,D (Inestable),
1406,0,0,0,0,0,0.0,A (Fluido),
1407,0,0,0,0,0,0.0,A (Fluido),
1408,1,0,0,0,1,38.069757965901985,D (Inestable),
1409,1,0,0,0,1,38.069757965901985,D (Inestable),
1410,0,0,0,0,0,0.0,A (Fluido),
1411,0,0,0,0,0,0.0,A (Fluido),
1412,0,0,0,0,0,0.0,A (Fluido),
1413,0,0,0,0,0,0.0,A (Fluido),
1414,0,0,0,0,0,0.0,A (Fluido),
1415,0,0,0,0,0,0.0,A (Fluido),
1416,0,0,0,0,0,0.0,A (Fluido),
1417,0,0,0,0,0,0.0,A (Fluido),
1418,0,0,0,0,0,0.0,A (Fluido),
1419,0,0,0,0,0,0.0,A (Fluido),
1420,0,0,0,0,0,0.0,A (Fluido),
1421,0,0,0,0,0,0.0,A (Fluido),
1422,0,0,0,0,0,0.0,A (Fluido),
1423,0,0,0,0,0,0.0,A (Fluido),
1424,0,0,0,0,0,0.0,A (Fluido),
1425,0,0,0,0,0,0.0,A (Fluido),
1426,0,0,0,0,0,0.0,A (Fluido),
1427,0,0,0,0,0,0.0,A (Fluido),
1428,0,0,0,0,0,0.0,A (Fluido),
1429,0,0,0,0,0,0.0,A (Fluido),
1430,0,0,0,0,0,0.0,A (Fluido),
1431,0,0,0,0,0,0.0,A (Fluido),
1432,0,0,0,0,0,0.0,A (Fluido),
1433,0,0,0,0,0,0.0,A (Fluido),
1434,0,0,0,0,0,0.0,A (Fluido),
1435,0,0,0,0,0,0.0,A (Fluido),
1436,0,0,0,0,0,0.0,A (Fluido),
1437,1,1,0,0,0,38.069757965901985,D (Inestable),
1438,0,0,0,0,0,0.0,A (Fluido),
1439,0,0,0,0,0,0.0,A (Fluido),
1440,0,0,0,0,0,0.0,A (Fluido),
1441,0,0,0,0,0,0.0,A (Fluido),
1442,0,0,0,0,0,0.0,A (Fluido),
1443,0,0,0,0,0,0.0,A (Fluido),
1444,0,0,0,0,0,0.0,A (Fluido),
1445,0,0,0,0,0,0.0,A (Fluido),
1446,0,0,0,0,0,0.0,A (Fluido),
1447,0,0,0,0,0,0.0,A (Fluido),
1448,0,0,0,0,0,0.0,A (Fluido),
1449,0,0,0,0,0,0.0,A (Fluido),
1450,0,0,0,0,0,0.0,A (Fluido),
1451,0,0,0,0,0,0.0,A (Fluido),
1452,0,0,0,0,0,0.0,A (Fluido),
1453,0,0,0,0,0,0.0,A (Fluido),
1454,0,0,0,0,0,0.0,A (Fluido),
1455,0,0,0,0,0,0.0,A (Fluido),
1456,0,0,0,0,0,0.0,A (Fluido),
1457,0,0,0,0,0,0.0,A (Fluido),
1458,0,0,0,0,0,0.0,A (Fluido),
1459,0,0,0,0,0,0.0,A (Fluido),
1460,0,0,0,0,0,0.0,A (Fluido),
1461,0,0,0,0,0,0.0,A (Fluido),
1462,0,0,0,0,0,0.0,A (Fluido),
1463,0,0,0,0,0,0.0,A (Fluido),
1464,0,0,0,0,0,0.0,A (Fluido),
1465,0,0,0,0,0,0.0,A (Fluido),
1466,0,0,0,0,0,0.0,A (Fluido),
1467,0,0,0,0,0,0.0,A (Fluido),
1468,0,0,0,0,0,0.0,A (Fluido),
1469,0,0,0,0,0,0.0,A (Fluido),
1470,0,0,0,0,0,0.0,A (Fluido),
1471,0,0,0,0,0,0.0,A (Fluido),
1472,0,0,0,0,0,0.0,A (Fluido),
1473,0,0,0,0,0,0.0,A (Fluido),
1474,0,0,0,0,0,0.0,A (Fluido),
1475,0,0,0,0,0,0.0,A (Fluido),
1476,0,0,0,0,0,0.0,A (Fluido),
1477,0,0,0,0,0,0.0,A (Fluido),
1478,0,0,0,0,0,0.0,A (Fluido),
1479,0,0,0,0,0,0.0,A (Fluido),
1480,0,0,0,0,0,0.0,A (Fluido),
1481,0,0,0,0,0,0.0,A (Fluido),
1482,0,0,0,0,0,0.0,A (Fluido),
1483,1,1,0,0,0,38.069757965901985,D (Inestable),
1484,0,0,0,0,0,0.0,A (Fluido),
1485,0,0,0,0,0,0.0,A (Fluido),
1486,0,0,0,0,0,0.0,A (Fluido),
1487,0,0,0,0,0,0.0,A (Fluido),
1488,0,0,0,0,0,0.0,A (Fluido),
1489,0,0,0,0,0,0.0,A (Fluido),
1490,0,0,0,0,0,0.0,A (Fluido),
1491,0,0,0,0,0,0.0,A (Fluido),
1492,0,0,0,0,0,0.0,A (Fluido),
1493,0,0,0,0,0,0.0,A (Fluido),
1494,0,0,0,0,0,0.0,A (Fluido),
1495,0,0,0,0,0,0.0,A (Fluido),
1496,0,0,0,0,0,0.0,A (Fluido),
1497,0,0,0,0,0,0.0,A (Fluido),
1498,0,0,0,0,0,0.0,A (Fluido),
1499,0,0,0,0,0,0.0,A (Fluido),
